entry_date,ticker,rank_with_corrupted,rank_excluding_distorting,delta,n_distorting_that_date
2024-07-25,CROMPTON.NS,71.0,71.0,0.0,18
2024-07-25,SUNPHARMA.NS,50.0,50.0,0.0,18
2024-07-25,TMPV.NS,60.0,60.0,0.0,18
2024-07-25,GRANULES.NS,69.0,69.0,0.0,18
2024-07-25,IOC.NS,64.0,63.0,-1.0,18
2024-07-25,PETRONET.NS,66.0,66.0,0.0,18
2024-07-25,FORTIS.NS,49.0,48.0,-1.0,18
2024-07-25,COHANCE.NS,77.0,77.0,0.0,18
2024-08-01,SUZLON.NS,95.0,96.0,1.0,18
2024-08-01,HSCL.NS,85.0,85.0,0.0,18
2024-08-01,MINDACORP.NS,59.0,58.0,-1.0,18
2024-08-01,JUBLPHARMA.NS,85.0,85.0,0.0,18
2024-08-01,TORNTPOWER.NS,93.0,93.0,0.0,18
2024-08-08,LALPATHLAB.NS,59.0,58.0,-1.0,17
2024-08-08,ALKEM.NS,47.0,47.0,0.0,17
2024-08-08,CIPLA.NS,37.0,36.0,-1.0,17
2024-08-08,TRITURBINE.NS,81.0,81.0,0.0,17
2024-08-16,GLENMARK.NS,90.0,91.0,1.0,17
2024-08-16,KAYNES.NS,95.0,95.0,0.0,17
2024-08-16,POLICYBZR.NS,90.0,90.0,0.0,17
2024-08-16,CDSL.NS,82.0,82.0,0.0,17
2024-08-23,GILLETTE.NS,55.0,54.0,-1.0,17
2024-08-30,INDHOTEL.NS,52.0,51.0,-1.0,17
2024-08-30,BHARTIARTL.NS,68.0,67.0,-1.0,17
2024-09-06,PPLPHARMA.NS,89.0,90.0,1.0,17
2024-09-06,GODREJIND.NS,89.0,89.0,0.0,17
2024-09-06,DMART.NS,50.0,49.0,-1.0,17
2024-09-13,CARTRADE.NS,65.0,65.0,0.0,17
2024-09-13,ABREL.NS,92.0,92.0,0.0,17
2024-09-13,NEWGEN.NS,87.0,87.0,0.0,17
2024-09-13,JBMA.NS,41.0,40.0,-1.0,17
2024-09-13,NAVA.NS,96.0,96.0,0.0,17
2024-09-13,OFSS.NS,94.0,94.0,0.0,17
2024-09-20,HINDUNILVR.NS,47.0,45.0,-2.0,17
2024-09-20,UBL.NS,33.0,31.0,-2.0,17
2024-09-20,APTUS.NS,31.0,30.0,-1.0,17
2024-09-20,ULTRACEMCO.NS,42.0,40.0,-2.0,17
2024-09-20,PIIND.NS,56.0,56.0,0.0,17
2024-09-20,INDUSINDBK.NS,9.0,7.0,-2.0,17
2024-09-20,UNITDSPR.NS,66.0,66.0,0.0,17
2024-09-20,SANSERA.NS,84.0,84.0,0.0,17
2024-09-20,BIKAJI.NS,86.0,86.0,0.0,17
2024-09-20,MCDOWELL-N.NS,66.0,66.0,0.0,17
2024-09-20,ASAHIINDIA.NS,59.0,58.0,-1.0,17
2024-09-20,WABAG.NS,94.0,95.0,1.0,17
2024-09-20,DEVYANI.NS,39.0,38.0,-1.0,17
2024-09-20,NAVA.NS,96.0,97.0,1.0,17
2024-09-20,MOTHERSON.NS,84.0,84.0,0.0,17
2024-09-20,JUBLFOOD.NS,65.0,64.0,-1.0,17
2024-09-20,NAUKRI.NS,79.0,79.0,0.0,17
2024-09-27,BALRAMCHIN.NS,84.0,84.0,0.0,17
2024-09-27,SOLARINDS.NS,82.0,82.0,0.0,17
2024-09-27,SUNPHARMA.NS,70.0,70.0,0.0,17
2024-09-27,UNITDSPR.NS,68.0,67.0,-1.0,17
2024-09-27,VIYASH.NS,94.0,94.0,0.0,17
2024-09-27,MCDOWELL-N.NS,68.0,67.0,-1.0,17
2024-09-27,SIEMENS.NS,72.0,72.0,0.0,17
2024-09-27,HINDCOPPER.NS,72.0,72.0,0.0,17
2024-10-07,LALPATHLAB.NS,71.0,70.0,-1.0,17
2024-10-14,OBEROIRLTY.NS,71.0,70.0,-1.0,17
2024-10-14,IPCALAB.NS,80.0,80.0,0.0,17
2024-10-28,FSL.NS,93.0,94.0,1.0,16
2024-11-04,CARTRADE.NS,81.0,81.0,0.0,16
2024-11-11,ECLERX.NS,82.0,82.0,0.0,16
2024-11-27,ZENSARTECH.NS,69.0,68.0,-1.0,16
2024-11-27,SYNGENE.NS,69.0,69.0,0.0,16
2024-11-27,ABSLAMC.NS,90.0,90.0,0.0,16
2024-12-04,MAHABANK.NS,29.0,28.0,-1.0,16
2024-12-04,MEDANTA.NS,29.0,27.0,-2.0,16
2024-12-04,LODHA.NS,61.0,60.0,-1.0,16
2024-12-04,KEC.NS,90.0,90.0,0.0,16
2024-12-04,KARURVYSYA.NS,70.0,69.0,-1.0,16
2024-12-11,BAJAJHLDNG.NS,68.0,68.0,0.0,16
2024-12-11,ANURAS.NS,13.0,11.0,-2.0,16
2024-12-18,EIDPARRY.NS,84.0,85.0,1.0,16
2024-12-26,CEMPRO.NS,81.0,81.0,0.0,16
2024-12-26,KFINTECH.NS,98.0,98.0,0.0,16
2024-12-26,INDIACEM.NS,87.0,86.0,-1.0,16
2025-02-27,NH.NS,92.0,92.0,0.0,5
2025-02-27,BERGEPAINT.NS,69.0,68.0,-1.0,5
2025-02-27,BAJAJFINSV.NS,92.0,92.0,0.0,5
2025-02-27,CHAMBLFERT.NS,95.0,95.0,0.0,5
2025-03-21,KOTAKBANK.NS,85.0,86.0,1.0,6
2025-03-21,BEL.NS,82.0,82.0,0.0,6
2025-03-21,NLCINDIA.NS,79.0,79.0,0.0,6
2025-03-21,BAJFINANCE.NS,93.0,94.0,1.0,6
2025-03-21,ICICIBANK.NS,80.0,80.0,0.0,6
2025-03-28,FORTIS.NS,93.0,93.0,0.0,6
2025-04-07,GMRAIRPORT.NS,72.0,72.0,0.0,9
2025-04-07,NAVA.NS,94.0,95.0,1.0,9
2025-04-16,PATANJALI.NS,89.0,89.0,0.0,7
2025-04-16,AXISBANK.NS,67.0,66.0,-1.0,7
2025-04-16,EICHERMOT.NS,86.0,86.0,0.0,7
2025-04-16,BANDHANBNK.NS,48.0,47.0,-1.0,7
2025-04-24,DMART.NS,74.0,73.0,-1.0,9
2025-04-24,NUVOCO.NS,54.0,53.0,-1.0,9
2025-04-24,AUBANK.NS,70.0,70.0,0.0,9
2025-04-24,JKCEMENT.NS,86.0,86.0,0.0,9
2025-05-02,BANDHANBNK.NS,47.0,46.0,-1.0,9
2025-05-09,KPRMILL.NS,97.0,97.0,0.0,8
2025-05-16,MAPMYINDIA.NS,70.0,70.0,0.0,2
2025-05-16,SJVN.NS,27.0,27.0,0.0,2
2025-05-16,BEL.NS,92.0,92.0,0.0,2
2025-05-16,NHPC.NS,58.0,58.0,0.0,2
2025-05-16,ANGELONE.NS,74.0,74.0,0.0,2
2025-05-16,LICI.NS,28.0,28.0,0.0,2
2025-05-16,PAGEIND.NS,77.0,77.0,0.0,2
2025-05-16,ABSLAMC.NS,57.0,57.0,0.0,2
2025-05-16,TATAPOWER.NS,47.0,47.0,0.0,2
2025-05-16,ABFRL.NS,37.0,37.0,0.0,2
2025-05-16,ESCORTS.NS,48.0,48.0,0.0,2
2025-05-23,TBOTEK.NS,5.0,5.0,0.0,1
2025-05-23,SUPREMEIND.NS,7.0,7.0,0.0,1
2025-05-23,ANGELONE.NS,86.0,86.0,0.0,1
2025-05-23,HDFCLIFE.NS,81.0,81.0,0.0,1
2025-05-23,ASTRAL.NS,8.0,8.0,0.0,1
2025-05-23,SHILPAMED.NS,78.0,78.0,0.0,1
2025-05-23,ICICIPRULI.NS,38.0,38.0,0.0,1
2025-05-30,OIL.NS,6.0,6.0,0.0,1
2025-05-30,TEGA.NS,56.0,56.0,0.0,1
2025-05-30,ASTRAL.NS,11.0,11.0,0.0,1
2025-06-06,ICICIGI.NS,57.0,57.0,0.0,1
2025-06-06,MAHABANK.NS,29.0,29.0,0.0,1
2025-06-06,OBEROIRLTY.NS,55.0,55.0,0.0,1
2025-06-06,GMDCLTD.NS,84.0,84.0,0.0,1
2025-06-06,SBICARD.NS,84.0,84.0,0.0,1
2025-06-06,SIGNATURE.NS,38.0,39.0,1.0,1
2025-06-06,HDFCAMC.NS,80.0,81.0,1.0,1
2025-06-13,KARURVYSYA.NS,73.0,73.0,0.0,1
2025-06-20,DCMSHRIRAM.NS,71.0,71.0,0.0,1
2025-06-20,MFSL.NS,95.0,96.0,1.0,1
2025-06-20,ENDURANCE.NS,76.0,76.0,0.0,1
2025-06-27,AAVAS.NS,55.0,55.0,0.0,1
2025-06-27,SOLARINDS.NS,97.0,98.0,1.0,1
2025-06-27,LAURUSLABS.NS,90.0,90.0,0.0,1
2025-06-27,OBEROIRLTY.NS,50.0,50.0,0.0,1
2025-06-27,MAXHEALTH.NS,76.0,77.0,1.0,1
2025-06-27,BHARTIHEXA.NS,94.0,94.0,0.0,1
2025-06-27,REDINGTON.NS,95.0,95.0,0.0,1
2025-06-27,DCMSHRIRAM.NS,65.0,65.0,0.0,1
2025-06-27,HINDCOPPER.NS,41.0,41.0,0.0,1
2025-06-27,ABBOTINDIA.NS,79.0,79.0,0.0,1
2025-06-27,JIOFIN.NS,71.0,71.0,0.0,1
2025-07-04,RAINBOW.NS,72.0,72.0,0.0,1
2025-07-04,LLOYDSENGG.NS,73.0,73.0,0.0,1
2025-07-04,ASTERDM.NS,93.0,94.0,1.0,1
2025-07-04,CHENNPETRO.NS,57.0,57.0,0.0,1
2025-07-04,DCMSHRIRAM.NS,86.0,87.0,1.0,1
2025-07-11,GLENMARK.NS,94.0,94.0,0.0,1
2025-07-11,CARTRADE.NS,98.0,98.0,0.0,1
2025-07-25,IPCALAB.NS,51.0,51.0,0.0,1
2025-07-25,SHYAMMETL.NS,79.0,79.0,0.0,1
2025-08-01,NETWEB.NS,78.0,78.0,0.0,1
2025-08-01,SCHNEIDER.NS,96.0,96.0,0.0,1
2025-08-01,POWERINDIA.NS,97.0,97.0,0.0,1
2025-08-08,MEDANTA.NS,86.0,86.0,0.0,1
2025-08-18,ULTRACEMCO.NS,70.0,70.0,0.0,1
2025-08-18,M&M.NS,73.0,73.0,0.0,1
2025-08-18,HEROMOTOCO.NS,68.0,68.0,0.0,1
2025-08-18,DALBHARAT.NS,85.0,85.0,0.0,1
2025-08-18,ASIANPAINT.NS,59.0,58.0,-1.0,1
2025-08-25,JSL.NS,83.0,83.0,0.0,1
2025-08-25,UPL.NS,80.0,80.0,0.0,1
2025-09-02,ASTERDM.NS,92.0,92.0,0.0,1
2025-09-09,AZAD.NS,62.0,61.0,-1.0,1
2025-09-16,AADHARHFC.NS,83.0,84.0,1.0,1
2025-09-16,AMBER.NS,94.0,94.0,0.0,1
2025-09-16,DALBHARAT.NS,87.0,87.0,0.0,1
2025-09-23,MINDACORP.NS,50.0,50.0,0.0,1
2025-09-23,ADANIGREEN.NS,52.0,52.0,0.0,1
2025-09-23,KEC.NS,27.0,27.0,0.0,1
2025-09-30,BANKINDIA.NS,77.0,77.0,0.0,1
2025-10-08,SBICARD.NS,75.0,75.0,0.0,1
2025-10-08,ITI.NS,82.0,82.0,0.0,1
2025-10-15,ICICIGI.NS,53.0,53.0,0.0,1
2025-10-15,MAHABANK.NS,77.0,77.0,0.0,1
2025-10-15,PHOENIXLTD.NS,62.0,62.0,0.0,1
2025-10-23,IDFCFIRSTB.NS,78.0,78.0,0.0,1
2025-10-23,BANKINDIA.NS,88.0,88.0,0.0,1
2025-10-23,CEATLTD.NS,94.0,94.0,0.0,1
2025-10-23,AXISBANK.NS,79.0,79.0,0.0,1
2025-10-23,UCOBANK.NS,22.0,22.0,0.0,1
2025-10-23,CUB.NS,90.0,90.0,0.0,1
2025-10-23,MUTHOOTFIN.NS,95.0,95.0,0.0,1
2025-10-23,SHRIRAMFIN.NS,79.0,79.0,0.0,1
2025-10-23,JKTYRE.NS,85.0,85.0,0.0,1
2025-10-23,CENTRALBK.NS,22.0,22.0,0.0,1
2025-10-23,PNB.NS,76.0,76.0,0.0,1
2025-10-23,SBIN.NS,78.0,78.0,0.0,1
2025-10-30,ABCAPITAL.NS,96.0,96.0,0.0,1
2025-10-30,IOC.NS,70.0,70.0,0.0,1
2025-10-30,BPCL.NS,71.0,71.0,0.0,1
2025-10-30,MRPL.NS,79.0,79.0,0.0,1
2025-11-07,LTF.NS,98.0,98.0,0.0,1
2025-11-07,ABCAPITAL.NS,97.0,97.0,0.0,1
2025-11-07,SBIN.NS,80.0,80.0,0.0,1
2025-11-14,GICRE.NS,37.0,37.0,0.0,1
2025-11-14,VIYASH.NS,87.0,87.0,0.0,1
2025-11-14,ASIANPAINT.NS,78.0,78.0,0.0,1
2025-11-21,TCS.NS,17.0,17.0,0.0,1
2025-11-21,SANSERA.NS,84.0,84.0,0.0,1
2025-11-28,ABCAPITAL.NS,98.0,98.0,0.0,1
2025-12-05,TCS.NS,32.0,31.0,-1.0,1
2025-12-05,BSOFT.NS,51.0,51.0,0.0,1
2025-12-12,GMRAIRPORT.NS,90.0,90.0,0.0,1
2025-12-19,SHRIRAMFIN.NS,95.0,95.0,0.0,1
2025-12-29,SUNDARMFIN.NS,75.0,76.0,1.0,1
2025-12-29,SUNTV.NS,43.0,44.0,1.0,1
2026-01-05,MARICO.NS,72.0,72.0,0.0,1
2026-01-05,SAILIFE.NS,80.0,80.0,0.0,1
2026-01-05,HINDPETRO.NS,79.0,79.0,0.0,1
2026-01-05,MSUMI.NS,49.0,49.0,0.0,1
2026-01-20,DALBHARAT.NS,76.0,76.0,0.0,1
2026-01-28,ONGC.NS,73.0,73.0,0.0,1
2026-01-28,VEDL.NS,98.0,98.0,0.0,1
2026-01-28,AXISBANK.NS,85.0,85.0,0.0,1
2026-01-28,HAL.NS,69.0,69.0,0.0,1
2026-01-28,JINDALSTEL.NS,84.0,84.0,0.0,1
2026-01-28,OIL.NS,83.0,83.0,0.0,1
2026-02-03,BHARATFORG.NS,88.0,88.0,0.0,1
2026-02-03,JKTYRE.NS,96.0,96.0,0.0,1
2026-02-10,TATASTEEL.NS,91.0,92.0,1.0,1
2026-02-24,NTPC.NS,81.0,81.0,0.0,1
2026-02-24,BANKINDIA.NS,95.0,95.0,0.0,1
2026-02-24,CENTRALBK.NS,55.0,54.0,-1.0,1
2026-03-04,JINDALSTEL.NS,87.0,87.0,0.0,1
2026-03-04,LUPIN.NS,83.0,84.0,1.0,1
2026-03-04,INDIANB.NS,95.0,95.0,0.0,1
2026-04-13,SARDAEN.NS,83.0,83.0,0.0,1
2026-04-13,ADANIPOWER.NS,93.0,94.0,1.0,1
2026-04-21,RADICO.NS,78.0,78.0,0.0,1
2026-04-28,GRASIM.NS,52.0,52.0,0.0,1
2026-05-06,CGCL.NS,66.0,66.0,0.0,1
2026-05-06,LUPIN.NS,78.0,78.0,0.0,1
2026-05-06,SHILPAMED.NS,88.0,88.0,0.0,1
2026-05-13,BERGEPAINT.NS,47.0,47.0,0.0,1
2026-05-13,ANURAS.NS,84.0,84.0,0.0,1
2026-05-13,BIOCON.NS,73.0,73.0,0.0,1
2026-05-20,GLAND.NS,86.0,86.0,0.0,1
2026-05-20,MANKIND.NS,75.0,76.0,1.0,1
2026-05-20,POLICYBZR.NS,69.0,69.0,0.0,1
2026-05-20,ZYDUSLIFE.NS,72.0,72.0,0.0,1
2026-05-20,VIYASH.NS,84.0,84.0,0.0,1
2026-05-27,ATGL.NS,90.0,90.0,0.0,1
2026-05-27,IFCI.NS,80.0,80.0,0.0,1
2026-05-27,VIYASH.NS,82.0,82.0,0.0,1
2026-05-27,USHAMART.NS,88.0,88.0,0.0,1
2026-05-27,JSWENERGY.NS,79.0,79.0,0.0,1
2026-06-04,CGPOWER.NS,89.0,89.0,0.0,1
2026-06-18,RADICO.NS,83.0,83.0,0.0,1
2026-06-18,TITAGARH.NS,76.0,76.0,0.0,1
2026-06-25,INDIGO.NS,66.0,65.0,-1.0,1
2026-06-25,EMCURE.NS,84.0,84.0,0.0,1
2026-06-25,PAGEIND.NS,59.0,59.0,0.0,1
2026-06-25,BLUEJET.NS,54.0,53.0,-1.0,1
2026-06-25,SONACOMS.NS,81.0,81.0,0.0,1
2026-06-25,OFSS.NS,91.0,91.0,0.0,1
2026-07-10,ANANTRAJ.NS,56.0,56.0,0.0,1
2026-07-10,BLUEJET.NS,78.0,78.0,0.0,1
2026-07-10,UTIAMC.NS,19.0,19.0,0.0,1
2026-07-10,SOBHA.NS,58.0,58.0,0.0,1
2026-07-10,GRAVITA.NS,66.0,66.0,0.0,1
2026-07-17,SBICARD.NS,9.0,9.0,0.0,1
2026-07-17,BALRAMCHIN.NS,81.0,81.0,0.0,1
