ticker,episode_start_date,episode_end_date,category,category_changes,pattern_used,market_regime_verdict,sector_health_verdict,confidence_score,exit_reason,days_held,gross_return_pct,net_return_pct,r_multiple,n_signals_absorbed,caps_applied,gate
AZAD.NS,2024-07-23,2024-09-18,MONITOR,"AVOID,MONITOR",,FAVORABLE,NEUTRAL,100.0,TIME_EXIT,40,-5.517024949003615,-5.817024949003615,-0.6278651306655709,8,,4_pattern_requirement
METROPOLIS.NS,2024-09-11,2024-11-07,EXECUTE,"AVOID,EXECUTE,MONITOR",is_vcp_breakout,CAUTION,STRONG,91.6,TIME_EXIT,40,-2.3399384956877576,-2.6399384956877574,-0.6181488236768796,8,,5_execute
BAJFINANCE.NS,2024-09-18,2024-10-15,ALERT_WATCHLIST,"ALERT_WATCHLIST,AVOID,MONITOR",is_vcp_breakout,CAUTION,NEUTRAL,73.6,STOP_HIT,18,-3.350808749236261,-3.6508087492362606,-1.0895306245300864,4,,2_sector_ceiling
BHARTIHEXA.NS,2024-09-18,2024-09-27,MONITOR,MONITOR,,CAUTION,STRONG,100.0,TARGET_HIT,7,9.492066783215389,9.192066783215388,1.2104933247348106,2,,4_pattern_requirement
VIYASH.NS,2024-09-25,2024-09-30,EXECUTE,EXECUTE,is_ascending_triangle_breakout,CAUTION,STRONG,72.8,TARGET_HIT,3,27.70086182930219,27.40086182930219,2.051168667073201,1,,5_execute
BHARTIHEXA.NS,2024-10-03,2024-10-16,MONITOR,"AVOID,MONITOR",,CAUTION,STRONG,100.0,TARGET_HIT,9,11.748699712042262,11.448699712042261,1.2180815742004523,2,,4_pattern_requirement
OBEROIRLTY.NS,2024-11-07,2024-12-17,ALERT_WATCHLIST,"ALERT_WATCHLIST,AVOID,MONITOR",is_ascending_triangle_breakout,CAUTION,WEAK,70.6,TARGET_HIT,26,15.045103092783494,14.745103092783493,2.3295414093477844,6,,2_sector_ceiling
AZAD.NS,2024-12-02,2025-01-13,MONITOR,"AVOID,MONITOR",,UNFAVORABLE,WEAK,100.0,STOP_HIT,29,-9.075987617534125,-9.375987617534125,-1.033054253998807,6,,4_pattern_requirement
LLOYDSENT.NS,2024-12-09,2024-12-20,MONITOR,MONITOR,,UNFAVORABLE,NEUTRAL,100.0,STOP_HIT,9,-9.350039421385024,-9.650039421385024,-1.0320854262190438,2,,4_pattern_requirement
LLOYDSENT.NS,2024-12-23,2024-12-31,MONITOR,MONITOR,,UNFAVORABLE,NEUTRAL,100.0,TARGET_HIT,5,12.274391808662742,11.974391808662741,1.21944858809743,1,,4_pattern_requirement
LLOYDSENT.NS,2024-12-31,2025-01-03,MONITOR,MONITOR,,CAUTION,NEUTRAL,100.0,TARGET_HIT,3,11.962282273377998,11.662282273377997,1.2186514670503497,1,,4_pattern_requirement
LLOYDSENT.NS,2025-01-07,2025-01-08,ALERT_WATCHLIST,ALERT_WATCHLIST,is_ascending_triangle_breakout,UNFAVORABLE,NEUTRAL,100.0,TARGET_HIT,1,15.465523957927552,15.165523957927551,1.0166559569914395,1,,1_regime_ceiling
AIIL.NS,2025-01-07,2025-01-13,MONITOR,MONITOR,,UNFAVORABLE,NEUTRAL,100.0,STOP_HIT,4,-8.70176980857518,-9.001769808575181,-1.0344757453483042,1,,4_pattern_requirement
LLOYDSENT.NS,2025-01-14,2025-01-21,MONITOR,MONITOR,,UNFAVORABLE,NEUTRAL,100.0,TARGET_HIT,5,14.70389978920065,14.403899789200649,1.224496561770952,1,,4_pattern_requirement
BHARTIHEXA.NS,2025-01-21,2025-02-01,MONITOR,MONITOR,,UNFAVORABLE,NEUTRAL,100.0,TARGET_HIT,9,9.798361702866815,9.498361702866815,1.2117282958751872,2,,4_pattern_requirement
LLOYDSENT.NS,2025-01-21,2025-01-28,MONITOR,MONITOR,,UNFAVORABLE,NEUTRAL,100.0,STOP_HIT,5,-11.24270196927684,-11.542701969276841,-1.0266839769318636,1,,4_pattern_requirement
LLOYDSENT.NS,2025-01-28,2025-02-12,MONITOR,MONITOR,,UNFAVORABLE,NEUTRAL,100.0,STOP_HIT,12,-12.878365331919698,-13.178365331919698,-1.0232948819409895,3,,4_pattern_requirement
NYKAA.NS,2025-02-03,2025-02-27,ALERT_WATCHLIST,"ALERT_WATCHLIST,AVOID",is_vcp_breakout,UNFAVORABLE,NEUTRAL,76.2,STOP_HIT,17,-7.354192767251217,-7.6541927672512164,-1.0407930563549983,4,,1_regime_ceiling
LLOYDSENT.NS,2025-02-17,2025-03-17,MONITOR,"AVOID,MONITOR",,CAUTION,NEUTRAL,100.0,STOP_HIT,18,-14.61054589815766,-14.910545898157661,-1.0205331136900113,4,,4_pattern_requirement
BHARTIHEXA.NS,2025-04-11,2025-04-23,MONITOR,"AVOID,MONITOR",,CAUTION,STRONG,100.0,TARGET_HIT,6,11.245723316487334,10.945723316487333,1.2166539901928557,2,,4_pattern_requirement
HINDUNILVR.NS,2025-04-11,2025-04-23,ALERT_WATCHLIST,"ALERT_WATCHLIST,AVOID",is_ascending_triangle_breakout,CAUTION,NEUTRAL,72.2,TARGET_HIT,6,6.380460865849241,6.080460865849242,1.003809975215477,2,,2_sector_ceiling
BAJAJHFL.NS,2025-04-17,2025-05-06,MONITOR,"AVOID,MONITOR",,CAUTION,STRONG,100.0,STOP_HIT,11,-7.569227565988782,-7.869227565988782,-1.0396341631143455,3,,4_pattern_requirement
CHOLAFIN.NS,2025-04-22,2025-06-18,ALERT_WATCHLIST,"ALERT_WATCHLIST,AVOID,MONITOR",is_ascending_triangle_breakout,CAUTION,STRONG,88.6,TIME_EXIT,40,3.038961038961036,2.7389610389610364,0.21817266669306287,8,RR_BELOW_FLOOR,3_rr_floor
AIIL.NS,2025-04-22,2025-05-09,MONITOR,"AVOID,MONITOR",,CAUTION,STRONG,100.0,STOP_HIT,12,-10.12005858584543,-10.42005858584543,-1.0296440971616112,3,,4_pattern_requirement
BAJAJHFL.NS,2025-05-12,2025-07-07,MONITOR,"AVOID,MONITOR",,CAUTION,STRONG,100.0,TIME_EXIT,40,0.0993048659384229,-0.20069513406157707,-0.02645074910101448,8,,4_pattern_requirement
PIDILITIND.NS,2025-05-14,2025-07-09,ALERT_WATCHLIST,"ALERT_WATCHLIST,AVOID,MONITOR",is_ascending_triangle_breakout,CAUTION,NEUTRAL,67.2,TIME_EXIT,40,1.2926164683990196,0.9926164683990195,0.15668347979107441,8,,2_sector_ceiling
SAIL.NS,2025-07-02,2025-07-28,ALERT_WATCHLIST,"ALERT_WATCHLIST,AVOID,MONITOR",is_flat_base_breakout,CAUTION,NEUTRAL,66.8,STOP_HIT,18,-7.860648932491135,-8.160648932491135,-1.0381647879935183,4,,2_sector_ceiling
DALBHARAT.NS,2025-07-02,2025-07-22,ALERT_WATCHLIST,"ALERT_WATCHLIST,AVOID,MONITOR",is_ascending_triangle_breakout,CAUTION,NEUTRAL,71.8,TARGET_HIT,14,7.543172921943365,7.243172921943366,1.092669028192997,3,,2_sector_ceiling
APOLLOHOSP.NS,2025-07-02,2025-07-03,ALERT_WATCHLIST,ALERT_WATCHLIST,is_ascending_triangle_breakout,CAUTION,NEUTRAL,68.0,TARGET_HIT,1,5.0376862401402285,4.737686240140229,1.3353964978362245,1,,2_sector_ceiling
LLOYDSENT.NS,2025-07-02,2025-07-04,MONITOR,MONITOR,,CAUTION,NEUTRAL,100.0,TARGET_HIT,2,12.903723100524443,12.603723100524443,1.2209386200340298,1,,4_pattern_requirement
LLOYDSENT.NS,2025-07-09,2025-07-18,MONITOR,MONITOR,,FAVORABLE,NEUTRAL,100.0,STOP_HIT,7,-10.555385632077147,-10.855385632077148,-1.0284215101614402,2,,4_pattern_requirement
ATHERENERG.NS,2025-07-15,2025-08-04,MONITOR,"AVOID,MONITOR",,CAUTION,NEUTRAL,100.0,TARGET_HIT,14,8.253057875713626,7.953057875713626,1.2045622961031797,3,,4_pattern_requirement
SHYAMMETL.NS,2025-07-23,2025-07-29,ALERT_WATCHLIST,ALERT_WATCHLIST,is_ascending_triangle_breakout,CAUTION,NEUTRAL,69.6,TARGET_HIT,4,10.01647538465834,9.71647538465834,1.405696085515848,1,,2_sector_ceiling
ATHERENERG.NS,2025-08-05,2025-08-06,ALERT_WATCHLIST,ALERT_WATCHLIST,is_ascending_triangle_breakout,UNFAVORABLE,NEUTRAL,100.0,TARGET_HIT,1,9.477836171630328,9.177836171630327,1.2432397108484272,1,,1_regime_ceiling
ATHERENERG.NS,2025-08-12,2025-08-19,MONITOR,MONITOR,,UNFAVORABLE,NEUTRAL,100.0,TARGET_HIT,4,11.246971570918245,10.946971570918244,1.2166576911273024,1,,4_pattern_requirement
HEROMOTOCO.NS,2025-08-13,2025-08-14,ALERT_WATCHLIST,ALERT_WATCHLIST,is_ascending_triangle_breakout,UNFAVORABLE,NEUTRAL,68.4,TARGET_HIT,1,5.403727409213549,5.103727409213549,0.8615047657263658,1,,1_regime_ceiling
ATHERENERG.NS,2025-08-20,2025-09-01,MONITOR,MONITOR,,UNFAVORABLE,NEUTRAL,100.0,TARGET_HIT,7,11.62863353584572,11.32863353584572,1.2177520149857626,2,,4_pattern_requirement
ATHERENERG.NS,2025-09-04,2025-09-08,MONITOR,MONITOR,,UNFAVORABLE,NEUTRAL,100.0,TARGET_HIT,2,11.98409552277312,11.68409552277312,1.2187085271235185,1,,4_pattern_requirement
ATHERENERG.NS,2025-09-11,2025-10-06,MONITOR,"AVOID,MONITOR",,CAUTION,NEUTRAL,100.0,TARGET_HIT,16,14.40133981363931,14.10133981363931,1.2239607560926495,4,,4_pattern_requirement
ATHERENERG.NS,2025-10-10,2025-10-16,MONITOR,MONITOR,,CAUTION,NEUTRAL,100.0,TARGET_HIT,4,13.281135007959763,12.981135007959763,1.2217644614127305,1,,4_pattern_requirement
ATHERENERG.NS,2025-10-17,2025-10-21,MONITOR,MONITOR,,CAUTION,WEAK,100.0,TARGET_HIT,2,11.585526451105297,11.285526451105296,1.2176320276352903,1,,4_pattern_requirement
ATHERENERG.NS,2025-10-27,2025-11-06,MONITOR,"AVOID,MONITOR",,CAUTION,WEAK,100.0,STOP_HIT,7,-10.62912627419623,-10.92912627419623,-1.028224333050619,2,,4_pattern_requirement
SBIN.NS,2025-10-28,2025-10-29,ALERT_WATCHLIST,ALERT_WATCHLIST,is_vcp_breakout,CAUTION,NEUTRAL,71.0,TARGET_HIT,1,3.342909068895197,3.042909068895197,1.1378222553256794,1,,2_sector_ceiling
SBIN.NS,2025-11-04,2025-11-06,ALERT_WATCHLIST,ALERT_WATCHLIST,is_vcp_breakout,CAUTION,NEUTRAL,71.8,TARGET_HIT,1,3.3812220137804863,3.0812220137804864,1.13909335190897,1,,2_sector_ceiling
ATHERENERG.NS,2025-11-11,2026-01-01,MONITOR,"AVOID,MONITOR",,CAUTION,NEUTRAL,100.0,TARGET_HIT,36,15.465740775415702,15.165740775415701,1.2257528588222486,8,,4_pattern_requirement
VIYASH.NS,2025-11-12,2025-11-18,ALERT_WATCHLIST,ALERT_WATCHLIST,is_ascending_triangle_breakout,CAUTION,WEAK,68.6,TARGET_HIT,4,14.630341134008612,14.330341134008611,1.4542441488394464,1,,2_sector_ceiling
MARICO.NS,2025-11-19,2026-01-05,EXECUTE,"AVOID,EXECUTE,MONITOR",is_ascending_triangle_breakout,CAUTION,STRONG,71.6,TARGET_HIT,32,5.69350046108133,5.39350046108133,1.339255927676194,7,,5_execute
MARICO.NS,2026-01-08,2026-01-28,ALERT_WATCHLIST,"ALERT_WATCHLIST,AVOID,MONITOR",is_ascending_triangle_breakout,CAUTION,NEUTRAL,86.8,STOP_HIT,12,-2.780102141724325,-3.080102141724325,-1.1079097042865944,3,,2_sector_ceiling
ATHERENERG.NS,2026-01-14,2026-02-09,MONITOR,"AVOID,MONITOR",,CAUTION,NEUTRAL,100.0,TARGET_HIT,17,12.419580094005624,12.119580094005624,1.2198057424517106,4,,4_pattern_requirement
ATHERENERG.NS,2026-04-16,2026-05-05,MONITOR,"AVOID,MONITOR",,UNFAVORABLE,NEUTRAL,100.0,TARGET_HIT,12,12.909947474127822,12.609947474127821,1.2209526316236736,3,,4_pattern_requirement
ATHERENERG.NS,2026-05-08,2026-06-03,MONITOR,"AVOID,MONITOR",,CAUTION,NEUTRAL,100.0,TARGET_HIT,17,12.406310068062496,12.106310068062495,1.2197734460977765,4,,4_pattern_requirement
OFSS.NS,2026-06-02,2026-07-22,ALERT_WATCHLIST,"ALERT_WATCHLIST,AVOID,MONITOR",is_ascending_triangle_breakout,UNFAVORABLE,NEUTRAL,78.8,TIME_EXIT,35,9.071719354676585,8.771719354676584,0.8568748404014709,7,,1_regime_ceiling
APOLLOHOSP.NS,2026-06-09,2026-07-17,ALERT_WATCHLIST,"ALERT_WATCHLIST,AVOID",is_flat_base_breakout,UNFAVORABLE,WEAK,67.4,TIME_EXIT,27,3.957597173144877,3.657597173144877,0.587645787569577,6,,1_regime_ceiling
