date,nifty_trend_state,distribution_days,market_regime_verdict,cause
2024-07-22,UPTREND,2,FAVORABLE,"UPTREND, distribution_days<3"
2024-07-23,UPTREND,2,FAVORABLE,"UPTREND, distribution_days<3"
2024-07-24,UPTREND,2,FAVORABLE,"UPTREND, distribution_days<3"
2024-07-25,UPTREND,2,FAVORABLE,"UPTREND, distribution_days<3"
2024-07-26,UPTREND,2,FAVORABLE,"UPTREND, distribution_days<3"
2024-07-29,UPTREND,1,FAVORABLE,"UPTREND, distribution_days<3"
2024-07-30,CHOPPY,1,CAUTION,CHOPPY trend
2024-07-31,CHOPPY,1,CAUTION,CHOPPY trend
2024-08-01,CHOPPY,1,CAUTION,CHOPPY trend
2024-08-02,CHOPPY,1,CAUTION,CHOPPY trend
2024-08-05,CHOPPY,2,CAUTION,CHOPPY trend
2024-08-06,CHOPPY,2,CAUTION,CHOPPY trend
2024-08-07,CHOPPY,2,CAUTION,CHOPPY trend
2024-08-08,CHOPPY,2,CAUTION,CHOPPY trend
2024-08-09,CHOPPY,2,CAUTION,CHOPPY trend
2024-08-12,CHOPPY,2,CAUTION,CHOPPY trend
2024-08-13,CHOPPY,2,CAUTION,CHOPPY trend
2024-08-14,CHOPPY,2,CAUTION,CHOPPY trend
2024-08-16,CHOPPY,1,CAUTION,CHOPPY trend
2024-08-19,CHOPPY,1,CAUTION,CHOPPY trend
2024-08-20,CHOPPY,1,CAUTION,CHOPPY trend
2024-08-21,CHOPPY,1,CAUTION,CHOPPY trend
2024-08-22,CHOPPY,1,CAUTION,CHOPPY trend
2024-08-23,CHOPPY,1,CAUTION,CHOPPY trend
2024-08-26,CHOPPY,1,CAUTION,CHOPPY trend
2024-08-27,CHOPPY,1,CAUTION,CHOPPY trend
2024-08-28,CHOPPY,1,CAUTION,CHOPPY trend
2024-08-29,CHOPPY,1,CAUTION,CHOPPY trend
2024-08-30,CHOPPY,1,CAUTION,CHOPPY trend
2024-09-02,CHOPPY,1,CAUTION,CHOPPY trend
2024-09-03,CHOPPY,1,CAUTION,CHOPPY trend
2024-09-04,CHOPPY,2,CAUTION,CHOPPY trend
2024-09-05,CHOPPY,2,CAUTION,CHOPPY trend
2024-09-06,CHOPPY,3,CAUTION,CHOPPY trend + distribution_days=3>=3
2024-09-09,CHOPPY,3,CAUTION,CHOPPY trend + distribution_days=3>=3
2024-09-10,CHOPPY,2,CAUTION,CHOPPY trend
2024-09-11,CHOPPY,3,CAUTION,CHOPPY trend + distribution_days=3>=3
2024-09-12,CHOPPY,3,CAUTION,CHOPPY trend + distribution_days=3>=3
2024-09-13,CHOPPY,3,CAUTION,CHOPPY trend + distribution_days=3>=3
2024-09-16,UPTREND,3,CAUTION,distribution_days=3>=3
2024-09-17,UPTREND,3,CAUTION,distribution_days=3>=3
2024-09-18,UPTREND,3,CAUTION,distribution_days=3>=3
2024-09-19,UPTREND,3,CAUTION,distribution_days=3>=3
2024-09-20,UPTREND,3,CAUTION,distribution_days=3>=3
2024-09-23,UPTREND,3,CAUTION,distribution_days=3>=3
2024-09-24,UPTREND,3,CAUTION,distribution_days=3>=3
2024-09-25,UPTREND,3,CAUTION,distribution_days=3>=3
2024-09-26,UPTREND,3,CAUTION,distribution_days=3>=3
2024-09-27,UPTREND,3,CAUTION,distribution_days=3>=3
2024-09-30,UPTREND,3,CAUTION,distribution_days=3>=3
2024-10-01,UPTREND,3,CAUTION,distribution_days=3>=3
2024-10-03,UPTREND,4,CAUTION,distribution_days=4>=3
2024-10-04,UPTREND,4,CAUTION,distribution_days=4>=3
2024-10-07,UPTREND,4,CAUTION,distribution_days=4>=3
2024-10-08,UPTREND,4,CAUTION,distribution_days=4>=3
2024-10-09,UPTREND,4,CAUTION,distribution_days=4>=3
2024-10-10,UPTREND,3,CAUTION,distribution_days=3>=3
2024-10-11,UPTREND,3,CAUTION,distribution_days=3>=3
2024-10-14,CHOPPY,2,CAUTION,CHOPPY trend
2024-10-15,CHOPPY,3,CAUTION,CHOPPY trend + distribution_days=3>=3
2024-10-16,CHOPPY,3,CAUTION,CHOPPY trend + distribution_days=3>=3
2024-10-17,CHOPPY,3,CAUTION,CHOPPY trend + distribution_days=3>=3
2024-10-18,CHOPPY,3,CAUTION,CHOPPY trend + distribution_days=3>=3
2024-10-21,CHOPPY,3,CAUTION,CHOPPY trend + distribution_days=3>=3
2024-10-22,CHOPPY,4,CAUTION,CHOPPY trend + distribution_days=4>=3
2024-10-23,CHOPPY,4,CAUTION,CHOPPY trend + distribution_days=4>=3
2024-10-24,CHOPPY,4,CAUTION,CHOPPY trend + distribution_days=4>=3
2024-10-25,CHOPPY,5,CAUTION,CHOPPY trend + distribution_days=5>=3
2024-10-28,CHOPPY,5,CAUTION,CHOPPY trend + distribution_days=5>=3
2024-10-29,CHOPPY,5,CAUTION,CHOPPY trend + distribution_days=5>=3
2024-10-30,CHOPPY,5,CAUTION,CHOPPY trend + distribution_days=5>=3
2024-10-31,CHOPPY,6,CAUTION,CHOPPY trend + distribution_days=6>=3
2024-11-01,CHOPPY,6,CAUTION,CHOPPY trend + distribution_days=6>=3
2024-11-04,CHOPPY,7,CAUTION,CHOPPY trend + distribution_days=7>=3
2024-11-05,CHOPPY,7,CAUTION,CHOPPY trend + distribution_days=7>=3
2024-11-06,CHOPPY,7,CAUTION,CHOPPY trend + distribution_days=7>=3
2024-11-07,CHOPPY,6,CAUTION,CHOPPY trend + distribution_days=6>=3
2024-11-08,CHOPPY,6,CAUTION,CHOPPY trend + distribution_days=6>=3
2024-11-11,CHOPPY,6,CAUTION,CHOPPY trend + distribution_days=6>=3
2024-11-12,CHOPPY,6,CAUTION,CHOPPY trend + distribution_days=6>=3
2024-11-13,DOWNTREND,7,UNFAVORABLE,DOWNTREND
2024-11-14,DOWNTREND,7,UNFAVORABLE,DOWNTREND
2024-11-18,DOWNTREND,8,UNFAVORABLE,DOWNTREND
2024-11-19,DOWNTREND,8,UNFAVORABLE,DOWNTREND
2024-11-21,DOWNTREND,8,UNFAVORABLE,DOWNTREND
2024-11-22,DOWNTREND,8,UNFAVORABLE,DOWNTREND
2024-11-25,DOWNTREND,7,UNFAVORABLE,DOWNTREND
2024-11-26,DOWNTREND,7,UNFAVORABLE,DOWNTREND
2024-11-27,DOWNTREND,7,UNFAVORABLE,DOWNTREND
2024-11-28,DOWNTREND,7,UNFAVORABLE,DOWNTREND
2024-11-29,DOWNTREND,7,UNFAVORABLE,DOWNTREND
2024-12-02,DOWNTREND,7,UNFAVORABLE,DOWNTREND
2024-12-03,DOWNTREND,6,UNFAVORABLE,DOWNTREND
2024-12-04,DOWNTREND,6,UNFAVORABLE,DOWNTREND
2024-12-05,DOWNTREND,6,UNFAVORABLE,DOWNTREND
2024-12-06,DOWNTREND,6,UNFAVORABLE,DOWNTREND
2024-12-09,DOWNTREND,6,UNFAVORABLE,DOWNTREND
2024-12-10,DOWNTREND,6,UNFAVORABLE,DOWNTREND
2024-12-11,DOWNTREND,5,UNFAVORABLE,DOWNTREND
2024-12-12,CHOPPY,6,CAUTION,CHOPPY trend + distribution_days=6>=3
2024-12-13,CHOPPY,6,CAUTION,CHOPPY trend + distribution_days=6>=3
2024-12-16,CHOPPY,6,CAUTION,CHOPPY trend + distribution_days=6>=3
2024-12-17,CHOPPY,7,CAUTION,CHOPPY trend + distribution_days=7>=3
2024-12-18,CHOPPY,7,CAUTION,CHOPPY trend + distribution_days=7>=3
2024-12-19,CHOPPY,8,CAUTION,CHOPPY trend + distribution_days=8>=3
2024-12-20,DOWNTREND,8,UNFAVORABLE,DOWNTREND
2024-12-23,DOWNTREND,8,UNFAVORABLE,DOWNTREND
2024-12-24,DOWNTREND,7,UNFAVORABLE,DOWNTREND
2024-12-26,DOWNTREND,7,UNFAVORABLE,DOWNTREND
2024-12-27,DOWNTREND,6,UNFAVORABLE,DOWNTREND
2024-12-30,CHOPPY,7,CAUTION,CHOPPY trend + distribution_days=7>=3
2024-12-31,CHOPPY,7,CAUTION,CHOPPY trend + distribution_days=7>=3
2025-01-01,CHOPPY,7,CAUTION,CHOPPY trend + distribution_days=7>=3
2025-01-02,CHOPPY,7,CAUTION,CHOPPY trend + distribution_days=7>=3
2025-01-03,CHOPPY,7,CAUTION,CHOPPY trend + distribution_days=7>=3
2025-01-06,CHOPPY,7,CAUTION,CHOPPY trend + distribution_days=7>=3
2025-01-07,DOWNTREND,7,UNFAVORABLE,DOWNTREND
2025-01-08,DOWNTREND,7,UNFAVORABLE,DOWNTREND
2025-01-09,DOWNTREND,8,UNFAVORABLE,DOWNTREND
2025-01-10,DOWNTREND,8,UNFAVORABLE,DOWNTREND
2025-01-13,DOWNTREND,9,UNFAVORABLE,DOWNTREND
2025-01-14,DOWNTREND,8,UNFAVORABLE,DOWNTREND
2025-01-15,DOWNTREND,8,UNFAVORABLE,DOWNTREND
2025-01-16,DOWNTREND,8,UNFAVORABLE,DOWNTREND
2025-01-17,DOWNTREND,7,UNFAVORABLE,DOWNTREND
2025-01-20,DOWNTREND,7,UNFAVORABLE,DOWNTREND
2025-01-21,DOWNTREND,8,UNFAVORABLE,DOWNTREND
2025-01-22,DOWNTREND,7,UNFAVORABLE,DOWNTREND
2025-01-23,DOWNTREND,7,UNFAVORABLE,DOWNTREND
2025-01-24,DOWNTREND,6,UNFAVORABLE,DOWNTREND
2025-01-27,DOWNTREND,5,UNFAVORABLE,DOWNTREND
2025-01-28,DOWNTREND,5,UNFAVORABLE,DOWNTREND
2025-01-29,DOWNTREND,5,UNFAVORABLE,DOWNTREND
2025-01-30,DOWNTREND,5,UNFAVORABLE,DOWNTREND
2025-01-31,DOWNTREND,5,UNFAVORABLE,DOWNTREND
2025-02-01,DOWNTREND,4,UNFAVORABLE,DOWNTREND
2025-02-03,DOWNTREND,5,UNFAVORABLE,DOWNTREND
2025-02-04,DOWNTREND,5,UNFAVORABLE,DOWNTREND
2025-02-05,DOWNTREND,5,UNFAVORABLE,DOWNTREND
2025-02-06,DOWNTREND,5,UNFAVORABLE,DOWNTREND
2025-02-07,DOWNTREND,5,UNFAVORABLE,DOWNTREND
2025-02-10,DOWNTREND,5,UNFAVORABLE,DOWNTREND
2025-02-11,DOWNTREND,6,UNFAVORABLE,DOWNTREND
2025-02-12,CHOPPY,5,CAUTION,CHOPPY trend + distribution_days=5>=3
2025-02-13,CHOPPY,5,CAUTION,CHOPPY trend + distribution_days=5>=3
2025-02-14,CHOPPY,4,CAUTION,CHOPPY trend + distribution_days=4>=3
2025-02-17,CHOPPY,4,CAUTION,CHOPPY trend + distribution_days=4>=3
2025-02-18,CHOPPY,4,CAUTION,CHOPPY trend + distribution_days=4>=3
2025-02-19,CHOPPY,4,CAUTION,CHOPPY trend + distribution_days=4>=3
2025-02-20,CHOPPY,4,CAUTION,CHOPPY trend + distribution_days=4>=3
2025-02-21,CHOPPY,5,CAUTION,CHOPPY trend + distribution_days=5>=3
2025-02-24,CHOPPY,4,CAUTION,CHOPPY trend + distribution_days=4>=3
2025-02-25,CHOPPY,4,CAUTION,CHOPPY trend + distribution_days=4>=3
2025-02-27,CHOPPY,4,CAUTION,CHOPPY trend + distribution_days=4>=3
2025-02-28,CHOPPY,5,CAUTION,CHOPPY trend + distribution_days=5>=3
2025-03-03,CHOPPY,5,CAUTION,CHOPPY trend + distribution_days=5>=3
2025-03-04,CHOPPY,5,CAUTION,CHOPPY trend + distribution_days=5>=3
2025-03-05,CHOPPY,5,CAUTION,CHOPPY trend + distribution_days=5>=3
2025-03-06,CHOPPY,5,CAUTION,CHOPPY trend + distribution_days=5>=3
2025-03-07,CHOPPY,5,CAUTION,CHOPPY trend + distribution_days=5>=3
2025-03-10,CHOPPY,6,CAUTION,CHOPPY trend + distribution_days=6>=3
2025-03-11,CHOPPY,5,CAUTION,CHOPPY trend + distribution_days=5>=3
2025-03-12,CHOPPY,5,CAUTION,CHOPPY trend + distribution_days=5>=3
2025-03-13,CHOPPY,5,CAUTION,CHOPPY trend + distribution_days=5>=3
2025-03-17,CHOPPY,4,CAUTION,CHOPPY trend + distribution_days=4>=3
2025-03-18,CHOPPY,4,CAUTION,CHOPPY trend + distribution_days=4>=3
2025-03-19,CHOPPY,4,CAUTION,CHOPPY trend + distribution_days=4>=3
2025-03-20,CHOPPY,3,CAUTION,CHOPPY trend + distribution_days=3>=3
2025-03-21,CHOPPY,3,CAUTION,CHOPPY trend + distribution_days=3>=3
2025-03-24,CHOPPY,3,CAUTION,CHOPPY trend + distribution_days=3>=3
2025-03-25,CHOPPY,3,CAUTION,CHOPPY trend + distribution_days=3>=3
2025-03-26,CHOPPY,3,CAUTION,CHOPPY trend + distribution_days=3>=3
2025-03-27,CHOPPY,3,CAUTION,CHOPPY trend + distribution_days=3>=3
2025-03-28,CHOPPY,3,CAUTION,CHOPPY trend + distribution_days=3>=3
2025-04-01,CHOPPY,4,CAUTION,CHOPPY trend + distribution_days=4>=3
2025-04-02,CHOPPY,3,CAUTION,CHOPPY trend + distribution_days=3>=3
2025-04-03,CHOPPY,3,CAUTION,CHOPPY trend + distribution_days=3>=3
2025-04-04,CHOPPY,4,CAUTION,CHOPPY trend + distribution_days=4>=3
2025-04-07,CHOPPY,5,CAUTION,CHOPPY trend + distribution_days=5>=3
2025-04-08,CHOPPY,4,CAUTION,CHOPPY trend + distribution_days=4>=3
2025-04-09,CHOPPY,4,CAUTION,CHOPPY trend + distribution_days=4>=3
2025-04-11,CHOPPY,4,CAUTION,CHOPPY trend + distribution_days=4>=3
2025-04-15,CHOPPY,4,CAUTION,CHOPPY trend + distribution_days=4>=3
2025-04-16,CHOPPY,4,CAUTION,CHOPPY trend + distribution_days=4>=3
2025-04-17,CHOPPY,4,CAUTION,CHOPPY trend + distribution_days=4>=3
2025-04-21,CHOPPY,3,CAUTION,CHOPPY trend + distribution_days=3>=3
2025-04-22,CHOPPY,3,CAUTION,CHOPPY trend + distribution_days=3>=3
2025-04-23,CHOPPY,3,CAUTION,CHOPPY trend + distribution_days=3>=3
2025-04-24,CHOPPY,3,CAUTION,CHOPPY trend + distribution_days=3>=3
2025-04-25,CHOPPY,4,CAUTION,CHOPPY trend + distribution_days=4>=3
2025-04-28,CHOPPY,4,CAUTION,CHOPPY trend + distribution_days=4>=3
2025-04-29,CHOPPY,4,CAUTION,CHOPPY trend + distribution_days=4>=3
2025-04-30,CHOPPY,4,CAUTION,CHOPPY trend + distribution_days=4>=3
2025-05-02,CHOPPY,4,CAUTION,CHOPPY trend + distribution_days=4>=3
2025-05-05,CHOPPY,4,CAUTION,CHOPPY trend + distribution_days=4>=3
2025-05-06,CHOPPY,5,CAUTION,CHOPPY trend + distribution_days=5>=3
2025-05-07,CHOPPY,5,CAUTION,CHOPPY trend + distribution_days=5>=3
2025-05-08,CHOPPY,6,CAUTION,CHOPPY trend + distribution_days=6>=3
2025-05-09,CHOPPY,6,CAUTION,CHOPPY trend + distribution_days=6>=3
2025-05-12,CHOPPY,5,CAUTION,CHOPPY trend + distribution_days=5>=3
2025-05-13,CHOPPY,6,CAUTION,CHOPPY trend + distribution_days=6>=3
2025-05-14,CHOPPY,6,CAUTION,CHOPPY trend + distribution_days=6>=3
2025-05-15,CHOPPY,5,CAUTION,CHOPPY trend + distribution_days=5>=3
2025-05-16,UPTREND,4,CAUTION,distribution_days=4>=3
2025-05-19,UPTREND,4,CAUTION,distribution_days=4>=3
2025-05-20,UPTREND,5,CAUTION,distribution_days=5>=3
2025-05-21,UPTREND,5,CAUTION,distribution_days=5>=3
2025-05-22,UPTREND,6,CAUTION,distribution_days=6>=3
2025-05-23,UPTREND,6,CAUTION,distribution_days=6>=3
2025-05-26,UPTREND,6,CAUTION,distribution_days=6>=3
2025-05-27,UPTREND,7,CAUTION,distribution_days=7>=3
2025-05-28,UPTREND,8,CAUTION,distribution_days=8>=3
2025-05-29,UPTREND,8,CAUTION,distribution_days=8>=3
2025-05-30,UPTREND,9,CAUTION,distribution_days=9>=3
2025-06-02,CHOPPY,8,CAUTION,CHOPPY trend + distribution_days=8>=3
2025-06-03,CHOPPY,9,CAUTION,CHOPPY trend + distribution_days=9>=3
2025-06-04,CHOPPY,9,CAUTION,CHOPPY trend + distribution_days=9>=3
2025-06-05,CHOPPY,9,CAUTION,CHOPPY trend + distribution_days=9>=3
2025-06-06,CHOPPY,9,CAUTION,CHOPPY trend + distribution_days=9>=3
2025-06-09,CHOPPY,9,CAUTION,CHOPPY trend + distribution_days=9>=3
2025-06-10,CHOPPY,8,CAUTION,CHOPPY trend + distribution_days=8>=3
2025-06-11,CHOPPY,8,CAUTION,CHOPPY trend + distribution_days=8>=3
2025-06-12,CHOPPY,8,CAUTION,CHOPPY trend + distribution_days=8>=3
2025-06-13,CHOPPY,8,CAUTION,CHOPPY trend + distribution_days=8>=3
2025-06-16,CHOPPY,8,CAUTION,CHOPPY trend + distribution_days=8>=3
2025-06-17,CHOPPY,7,CAUTION,CHOPPY trend + distribution_days=7>=3
2025-06-18,UPTREND,7,CAUTION,distribution_days=7>=3
2025-06-19,UPTREND,7,CAUTION,distribution_days=7>=3
2025-06-20,CHOPPY,7,CAUTION,CHOPPY trend + distribution_days=7>=3
2025-06-23,CHOPPY,7,CAUTION,CHOPPY trend + distribution_days=7>=3
2025-06-24,CHOPPY,6,CAUTION,CHOPPY trend + distribution_days=6>=3
2025-06-25,CHOPPY,6,CAUTION,CHOPPY trend + distribution_days=6>=3
2025-06-26,CHOPPY,5,CAUTION,CHOPPY trend + distribution_days=5>=3
2025-06-27,CHOPPY,5,CAUTION,CHOPPY trend + distribution_days=5>=3
2025-06-30,CHOPPY,5,CAUTION,CHOPPY trend + distribution_days=5>=3
2025-07-01,CHOPPY,4,CAUTION,CHOPPY trend + distribution_days=4>=3
2025-07-02,CHOPPY,4,CAUTION,CHOPPY trend + distribution_days=4>=3
2025-07-03,CHOPPY,4,CAUTION,CHOPPY trend + distribution_days=4>=3
2025-07-04,CHOPPY,3,CAUTION,CHOPPY trend + distribution_days=3>=3
2025-07-07,CHOPPY,3,CAUTION,CHOPPY trend + distribution_days=3>=3
2025-07-08,CHOPPY,2,CAUTION,CHOPPY trend
2025-07-09,CHOPPY,2,CAUTION,CHOPPY trend
2025-07-10,CHOPPY,2,CAUTION,CHOPPY trend
2025-07-11,CHOPPY,3,CAUTION,CHOPPY trend + distribution_days=3>=3
2025-07-14,CHOPPY,4,CAUTION,CHOPPY trend + distribution_days=4>=3
2025-07-15,CHOPPY,4,CAUTION,CHOPPY trend + distribution_days=4>=3
2025-07-16,CHOPPY,4,CAUTION,CHOPPY trend + distribution_days=4>=3
2025-07-17,CHOPPY,4,CAUTION,CHOPPY trend + distribution_days=4>=3
2025-07-18,CHOPPY,5,CAUTION,CHOPPY trend + distribution_days=5>=3
2025-07-21,CHOPPY,5,CAUTION,CHOPPY trend + distribution_days=5>=3
2025-07-22,CHOPPY,5,CAUTION,CHOPPY trend + distribution_days=5>=3
2025-07-23,CHOPPY,5,CAUTION,CHOPPY trend + distribution_days=5>=3
2025-07-24,CHOPPY,6,CAUTION,CHOPPY trend + distribution_days=6>=3
2025-07-25,CHOPPY,6,CAUTION,CHOPPY trend + distribution_days=6>=3
2025-07-28,CHOPPY,6,CAUTION,CHOPPY trend + distribution_days=6>=3
2025-07-29,CHOPPY,6,CAUTION,CHOPPY trend + distribution_days=6>=3
2025-07-30,CHOPPY,6,CAUTION,CHOPPY trend + distribution_days=6>=3
2025-07-31,DOWNTREND,7,UNFAVORABLE,DOWNTREND
2025-08-01,DOWNTREND,7,UNFAVORABLE,DOWNTREND
2025-08-04,DOWNTREND,7,UNFAVORABLE,DOWNTREND
2025-08-05,DOWNTREND,7,UNFAVORABLE,DOWNTREND
2025-08-06,DOWNTREND,6,UNFAVORABLE,DOWNTREND
2025-08-07,DOWNTREND,6,UNFAVORABLE,DOWNTREND
2025-08-08,DOWNTREND,6,UNFAVORABLE,DOWNTREND
2025-08-11,DOWNTREND,6,UNFAVORABLE,DOWNTREND
2025-08-12,DOWNTREND,6,UNFAVORABLE,DOWNTREND
2025-08-13,DOWNTREND,6,UNFAVORABLE,DOWNTREND
2025-08-14,DOWNTREND,6,UNFAVORABLE,DOWNTREND
2025-08-18,DOWNTREND,5,UNFAVORABLE,DOWNTREND
2025-08-19,DOWNTREND,4,UNFAVORABLE,DOWNTREND
2025-08-20,DOWNTREND,4,UNFAVORABLE,DOWNTREND
2025-08-21,DOWNTREND,4,UNFAVORABLE,DOWNTREND
2025-08-22,DOWNTREND,3,UNFAVORABLE,DOWNTREND
2025-08-25,DOWNTREND,2,UNFAVORABLE,DOWNTREND
2025-08-26,DOWNTREND,3,UNFAVORABLE,DOWNTREND
2025-08-28,DOWNTREND,3,UNFAVORABLE,DOWNTREND
2025-08-29,DOWNTREND,3,UNFAVORABLE,DOWNTREND
2025-09-01,DOWNTREND,2,UNFAVORABLE,DOWNTREND
2025-09-02,DOWNTREND,2,UNFAVORABLE,DOWNTREND
2025-09-03,DOWNTREND,2,UNFAVORABLE,DOWNTREND
2025-09-04,DOWNTREND,2,UNFAVORABLE,DOWNTREND
2025-09-05,CHOPPY,2,CAUTION,CHOPPY trend
2025-09-08,CHOPPY,1,CAUTION,CHOPPY trend
2025-09-09,CHOPPY,1,CAUTION,CHOPPY trend
2025-09-10,CHOPPY,1,CAUTION,CHOPPY trend
2025-09-11,CHOPPY,1,CAUTION,CHOPPY trend
2025-09-12,CHOPPY,1,CAUTION,CHOPPY trend
2025-09-15,CHOPPY,1,CAUTION,CHOPPY trend
2025-09-16,CHOPPY,1,CAUTION,CHOPPY trend
2025-09-17,CHOPPY,1,CAUTION,CHOPPY trend
2025-09-18,CHOPPY,1,CAUTION,CHOPPY trend
2025-09-19,CHOPPY,2,CAUTION,CHOPPY trend
2025-09-22,CHOPPY,2,CAUTION,CHOPPY trend
2025-09-23,CHOPPY,2,CAUTION,CHOPPY trend
2025-09-24,CHOPPY,2,CAUTION,CHOPPY trend
2025-09-25,UPTREND,3,CAUTION,distribution_days=3>=3
2025-09-26,UPTREND,3,CAUTION,distribution_days=3>=3
2025-09-29,UPTREND,3,CAUTION,distribution_days=3>=3
2025-09-30,UPTREND,3,CAUTION,distribution_days=3>=3
2025-10-01,UPTREND,2,FAVORABLE,"UPTREND, distribution_days<3"
2025-10-03,UPTREND,2,FAVORABLE,"UPTREND, distribution_days<3"
2025-10-06,UPTREND,2,FAVORABLE,"UPTREND, distribution_days<3"
2025-10-07,UPTREND,2,FAVORABLE,"UPTREND, distribution_days<3"
2025-10-08,UPTREND,2,FAVORABLE,"UPTREND, distribution_days<3"
2025-10-09,UPTREND,2,FAVORABLE,"UPTREND, distribution_days<3"
2025-10-10,UPTREND,2,FAVORABLE,"UPTREND, distribution_days<3"
2025-10-13,UPTREND,3,CAUTION,distribution_days=3>=3
2025-10-14,UPTREND,4,CAUTION,distribution_days=4>=3
2025-10-15,UPTREND,4,CAUTION,distribution_days=4>=3
2025-10-16,UPTREND,4,CAUTION,distribution_days=4>=3
2025-10-17,UPTREND,4,CAUTION,distribution_days=4>=3
2025-10-20,UPTREND,4,CAUTION,distribution_days=4>=3
2025-10-21,UPTREND,4,CAUTION,distribution_days=4>=3
2025-10-23,UPTREND,4,CAUTION,distribution_days=4>=3
2025-10-24,UPTREND,4,CAUTION,distribution_days=4>=3
2025-10-27,UPTREND,4,CAUTION,distribution_days=4>=3
2025-10-28,UPTREND,3,CAUTION,distribution_days=3>=3
2025-10-29,UPTREND,3,CAUTION,distribution_days=3>=3
2025-10-30,UPTREND,3,CAUTION,distribution_days=3>=3
2025-10-31,UPTREND,4,CAUTION,distribution_days=4>=3
2025-11-03,UPTREND,3,CAUTION,distribution_days=3>=3
2025-11-04,UPTREND,4,CAUTION,distribution_days=4>=3
2025-11-06,UPTREND,5,CAUTION,distribution_days=5>=3
2025-11-07,UPTREND,5,CAUTION,distribution_days=5>=3
2025-11-10,UPTREND,5,CAUTION,distribution_days=5>=3
2025-11-11,UPTREND,5,CAUTION,distribution_days=5>=3
2025-11-12,UPTREND,5,CAUTION,distribution_days=5>=3
2025-11-13,UPTREND,5,CAUTION,distribution_days=5>=3
2025-11-14,UPTREND,5,CAUTION,distribution_days=5>=3
2025-11-17,UPTREND,5,CAUTION,distribution_days=5>=3
2025-11-18,UPTREND,5,CAUTION,distribution_days=5>=3
2025-11-19,UPTREND,4,CAUTION,distribution_days=4>=3
2025-11-20,UPTREND,3,CAUTION,distribution_days=3>=3
2025-11-21,UPTREND,3,CAUTION,distribution_days=3>=3
2025-11-24,UPTREND,4,CAUTION,distribution_days=4>=3
2025-11-25,UPTREND,4,CAUTION,distribution_days=4>=3
2025-11-26,UPTREND,4,CAUTION,distribution_days=4>=3
2025-11-27,UPTREND,4,CAUTION,distribution_days=4>=3
2025-11-28,UPTREND,4,CAUTION,distribution_days=4>=3
2025-12-01,UPTREND,4,CAUTION,distribution_days=4>=3
2025-12-02,UPTREND,5,CAUTION,distribution_days=5>=3
2025-12-03,UPTREND,5,CAUTION,distribution_days=5>=3
2025-12-04,UPTREND,5,CAUTION,distribution_days=5>=3
2025-12-05,UPTREND,5,CAUTION,distribution_days=5>=3
2025-12-08,UPTREND,5,CAUTION,distribution_days=5>=3
2025-12-09,UPTREND,5,CAUTION,distribution_days=5>=3
2025-12-10,UPTREND,4,CAUTION,distribution_days=4>=3
2025-12-11,UPTREND,3,CAUTION,distribution_days=3>=3
2025-12-12,UPTREND,3,CAUTION,distribution_days=3>=3
2025-12-15,UPTREND,3,CAUTION,distribution_days=3>=3
2025-12-16,UPTREND,4,CAUTION,distribution_days=4>=3
2025-12-17,UPTREND,4,CAUTION,distribution_days=4>=3
2025-12-18,CHOPPY,4,CAUTION,CHOPPY trend + distribution_days=4>=3
2025-12-19,CHOPPY,4,CAUTION,CHOPPY trend + distribution_days=4>=3
2025-12-22,CHOPPY,4,CAUTION,CHOPPY trend + distribution_days=4>=3
2025-12-23,CHOPPY,4,CAUTION,CHOPPY trend + distribution_days=4>=3
2025-12-24,CHOPPY,4,CAUTION,CHOPPY trend + distribution_days=4>=3
2025-12-26,CHOPPY,4,CAUTION,CHOPPY trend + distribution_days=4>=3
2025-12-29,CHOPPY,5,CAUTION,CHOPPY trend + distribution_days=5>=3
2025-12-30,CHOPPY,4,CAUTION,CHOPPY trend + distribution_days=4>=3
2025-12-31,CHOPPY,4,CAUTION,CHOPPY trend + distribution_days=4>=3
2026-01-01,DOWNTREND,4,UNFAVORABLE,DOWNTREND
2026-01-02,DOWNTREND,4,UNFAVORABLE,DOWNTREND
2026-01-05,DOWNTREND,4,UNFAVORABLE,DOWNTREND
2026-01-06,CHOPPY,5,CAUTION,CHOPPY trend + distribution_days=5>=3
2026-01-07,CHOPPY,4,CAUTION,CHOPPY trend + distribution_days=4>=3
2026-01-08,CHOPPY,4,CAUTION,CHOPPY trend + distribution_days=4>=3
2026-01-09,CHOPPY,5,CAUTION,CHOPPY trend + distribution_days=5>=3
2026-01-12,UPTREND,5,CAUTION,distribution_days=5>=3
2026-01-13,UPTREND,5,CAUTION,distribution_days=5>=3
2026-01-14,UPTREND,6,CAUTION,distribution_days=6>=3
2026-01-16,UPTREND,6,CAUTION,distribution_days=6>=3
2026-01-19,UPTREND,7,CAUTION,distribution_days=7>=3
2026-01-20,UPTREND,7,CAUTION,distribution_days=7>=3
2026-01-21,UPTREND,7,CAUTION,distribution_days=7>=3
2026-01-22,UPTREND,6,CAUTION,distribution_days=6>=3
2026-01-23,UPTREND,6,CAUTION,distribution_days=6>=3
2026-01-27,UPTREND,6,CAUTION,distribution_days=6>=3
2026-01-28,UPTREND,6,CAUTION,distribution_days=6>=3
2026-01-29,CHOPPY,6,CAUTION,CHOPPY trend + distribution_days=6>=3
2026-01-30,CHOPPY,6,CAUTION,CHOPPY trend + distribution_days=6>=3
2026-02-02,CHOPPY,6,CAUTION,CHOPPY trend + distribution_days=6>=3
2026-02-03,CHOPPY,6,CAUTION,CHOPPY trend + distribution_days=6>=3
2026-02-04,CHOPPY,5,CAUTION,CHOPPY trend + distribution_days=5>=3
2026-02-05,CHOPPY,5,CAUTION,CHOPPY trend + distribution_days=5>=3
2026-02-06,CHOPPY,5,CAUTION,CHOPPY trend + distribution_days=5>=3
2026-02-09,CHOPPY,5,CAUTION,CHOPPY trend + distribution_days=5>=3
2026-02-10,DOWNTREND,5,UNFAVORABLE,DOWNTREND
2026-02-11,DOWNTREND,5,UNFAVORABLE,DOWNTREND
2026-02-12,DOWNTREND,5,UNFAVORABLE,DOWNTREND
2026-02-13,DOWNTREND,6,UNFAVORABLE,DOWNTREND
2026-02-16,DOWNTREND,6,UNFAVORABLE,DOWNTREND
2026-02-17,DOWNTREND,5,UNFAVORABLE,DOWNTREND
2026-02-18,DOWNTREND,5,UNFAVORABLE,DOWNTREND
2026-02-19,DOWNTREND,4,UNFAVORABLE,DOWNTREND
2026-02-20,DOWNTREND,3,UNFAVORABLE,DOWNTREND
2026-02-23,CHOPPY,3,CAUTION,CHOPPY trend + distribution_days=3>=3
2026-02-24,CHOPPY,3,CAUTION,CHOPPY trend + distribution_days=3>=3
2026-02-25,CHOPPY,3,CAUTION,CHOPPY trend + distribution_days=3>=3
2026-02-26,CHOPPY,3,CAUTION,CHOPPY trend + distribution_days=3>=3
2026-02-27,CHOPPY,4,CAUTION,CHOPPY trend + distribution_days=4>=3
2026-03-02,CHOPPY,5,CAUTION,CHOPPY trend + distribution_days=5>=3
2026-03-04,CHOPPY,6,CAUTION,CHOPPY trend + distribution_days=6>=3
2026-03-05,CHOPPY,6,CAUTION,CHOPPY trend + distribution_days=6>=3
2026-03-06,CHOPPY,6,CAUTION,CHOPPY trend + distribution_days=6>=3
2026-03-09,CHOPPY,7,CAUTION,CHOPPY trend + distribution_days=7>=3
2026-03-10,CHOPPY,7,CAUTION,CHOPPY trend + distribution_days=7>=3
2026-03-11,CHOPPY,7,CAUTION,CHOPPY trend + distribution_days=7>=3
2026-03-12,CHOPPY,8,CAUTION,CHOPPY trend + distribution_days=8>=3
2026-03-13,CHOPPY,9,CAUTION,CHOPPY trend + distribution_days=9>=3
2026-03-16,CHOPPY,9,CAUTION,CHOPPY trend + distribution_days=9>=3
2026-03-17,CHOPPY,9,CAUTION,CHOPPY trend + distribution_days=9>=3
2026-03-18,CHOPPY,9,CAUTION,CHOPPY trend + distribution_days=9>=3
2026-03-19,CHOPPY,10,CAUTION,CHOPPY trend + distribution_days=10>=3
2026-03-20,CHOPPY,9,CAUTION,CHOPPY trend + distribution_days=9>=3
2026-03-23,CHOPPY,8,CAUTION,CHOPPY trend + distribution_days=8>=3
2026-03-24,CHOPPY,8,CAUTION,CHOPPY trend + distribution_days=8>=3
2026-03-25,CHOPPY,8,CAUTION,CHOPPY trend + distribution_days=8>=3
2026-03-27,CHOPPY,9,CAUTION,CHOPPY trend + distribution_days=9>=3
2026-03-30,CHOPPY,10,CAUTION,CHOPPY trend + distribution_days=10>=3
2026-04-01,CHOPPY,10,CAUTION,CHOPPY trend + distribution_days=10>=3
2026-04-02,CHOPPY,10,CAUTION,CHOPPY trend + distribution_days=10>=3
2026-04-06,CHOPPY,9,CAUTION,CHOPPY trend + distribution_days=9>=3
2026-04-07,CHOPPY,9,CAUTION,CHOPPY trend + distribution_days=9>=3
2026-04-08,CHOPPY,9,CAUTION,CHOPPY trend + distribution_days=9>=3
2026-04-09,CHOPPY,8,CAUTION,CHOPPY trend + distribution_days=8>=3
2026-04-10,DOWNTREND,7,UNFAVORABLE,DOWNTREND
2026-04-13,DOWNTREND,7,UNFAVORABLE,DOWNTREND
2026-04-15,DOWNTREND,7,UNFAVORABLE,DOWNTREND
2026-04-16,DOWNTREND,7,UNFAVORABLE,DOWNTREND
2026-04-17,DOWNTREND,6,UNFAVORABLE,DOWNTREND
2026-04-20,DOWNTREND,6,UNFAVORABLE,DOWNTREND
2026-04-21,DOWNTREND,6,UNFAVORABLE,DOWNTREND
2026-04-22,DOWNTREND,6,UNFAVORABLE,DOWNTREND
2026-04-23,DOWNTREND,6,UNFAVORABLE,DOWNTREND
2026-04-24,DOWNTREND,6,UNFAVORABLE,DOWNTREND
2026-04-27,DOWNTREND,6,UNFAVORABLE,DOWNTREND
2026-04-28,DOWNTREND,7,UNFAVORABLE,DOWNTREND
2026-04-29,DOWNTREND,6,UNFAVORABLE,DOWNTREND
2026-04-30,DOWNTREND,6,UNFAVORABLE,DOWNTREND
2026-05-04,DOWNTREND,6,UNFAVORABLE,DOWNTREND
2026-05-05,DOWNTREND,6,UNFAVORABLE,DOWNTREND
2026-05-06,DOWNTREND,6,UNFAVORABLE,DOWNTREND
2026-05-07,DOWNTREND,5,UNFAVORABLE,DOWNTREND
2026-05-08,CHOPPY,4,CAUTION,CHOPPY trend + distribution_days=4>=3
2026-05-11,CHOPPY,5,CAUTION,CHOPPY trend + distribution_days=5>=3
2026-05-12,CHOPPY,6,CAUTION,CHOPPY trend + distribution_days=6>=3
2026-05-13,CHOPPY,6,CAUTION,CHOPPY trend + distribution_days=6>=3
2026-05-14,CHOPPY,6,CAUTION,CHOPPY trend + distribution_days=6>=3
2026-05-15,CHOPPY,6,CAUTION,CHOPPY trend + distribution_days=6>=3
2026-05-18,CHOPPY,6,CAUTION,CHOPPY trend + distribution_days=6>=3
2026-05-19,CHOPPY,6,CAUTION,CHOPPY trend + distribution_days=6>=3
2026-05-20,DOWNTREND,5,UNFAVORABLE,DOWNTREND
2026-05-21,DOWNTREND,5,UNFAVORABLE,DOWNTREND
2026-05-22,DOWNTREND,5,UNFAVORABLE,DOWNTREND
2026-05-25,DOWNTREND,5,UNFAVORABLE,DOWNTREND
2026-05-26,DOWNTREND,6,UNFAVORABLE,DOWNTREND
2026-05-27,DOWNTREND,6,UNFAVORABLE,DOWNTREND
2026-05-29,DOWNTREND,6,UNFAVORABLE,DOWNTREND
2026-06-01,DOWNTREND,5,UNFAVORABLE,DOWNTREND
2026-06-02,DOWNTREND,5,UNFAVORABLE,DOWNTREND
2026-06-03,DOWNTREND,5,UNFAVORABLE,DOWNTREND
2026-06-04,DOWNTREND,4,UNFAVORABLE,DOWNTREND
2026-06-05,DOWNTREND,4,UNFAVORABLE,DOWNTREND
2026-06-08,DOWNTREND,5,UNFAVORABLE,DOWNTREND
2026-06-09,DOWNTREND,5,UNFAVORABLE,DOWNTREND
2026-06-10,DOWNTREND,5,UNFAVORABLE,DOWNTREND
2026-06-11,DOWNTREND,5,UNFAVORABLE,DOWNTREND
2026-06-12,DOWNTREND,5,UNFAVORABLE,DOWNTREND
2026-06-15,DOWNTREND,5,UNFAVORABLE,DOWNTREND
2026-06-16,DOWNTREND,4,UNFAVORABLE,DOWNTREND
2026-06-17,DOWNTREND,3,UNFAVORABLE,DOWNTREND
2026-06-18,DOWNTREND,3,UNFAVORABLE,DOWNTREND
2026-06-19,DOWNTREND,4,UNFAVORABLE,DOWNTREND
2026-06-22,DOWNTREND,4,UNFAVORABLE,DOWNTREND
2026-06-23,DOWNTREND,5,UNFAVORABLE,DOWNTREND
2026-06-24,DOWNTREND,5,UNFAVORABLE,DOWNTREND
2026-06-25,DOWNTREND,5,UNFAVORABLE,DOWNTREND
2026-06-29,DOWNTREND,6,UNFAVORABLE,DOWNTREND
2026-06-30,DOWNTREND,6,UNFAVORABLE,DOWNTREND
2026-07-01,CHOPPY,6,CAUTION,CHOPPY trend + distribution_days=6>=3
2026-07-02,CHOPPY,5,CAUTION,CHOPPY trend + distribution_days=5>=3
2026-07-03,CHOPPY,5,CAUTION,CHOPPY trend + distribution_days=5>=3
2026-07-06,CHOPPY,4,CAUTION,CHOPPY trend + distribution_days=4>=3
2026-07-07,CHOPPY,4,CAUTION,CHOPPY trend + distribution_days=4>=3
2026-07-08,CHOPPY,5,CAUTION,CHOPPY trend + distribution_days=5>=3
2026-07-09,CHOPPY,5,CAUTION,CHOPPY trend + distribution_days=5>=3
2026-07-10,CHOPPY,5,CAUTION,CHOPPY trend + distribution_days=5>=3
2026-07-13,CHOPPY,5,CAUTION,CHOPPY trend + distribution_days=5>=3
2026-07-14,UPTREND,5,CAUTION,distribution_days=5>=3
