ticker,episode_start_date,episode_end_date,category,category_changes,pattern_used,market_regime_verdict,sector_health_verdict,confidence_score,exit_reason,days_held,gross_return_pct,net_return_pct,r_multiple,n_signals_absorbed,risk_fraction,contribution,factor,log_growth
POLICYBZR.NS,2024-08-14,2024-08-16,EXECUTE,EXECUTE,is_ascending_triangle_breakout,CAUTION,WEAK,63.0,TARGET_HIT,1,10.20335625412808,9.903356254128079,1.3853971497081137,1,1.0,0.013853971497081136,1.0138539714970811,0.013758882467925337
PPLPHARMA.NS,2024-09-05,2024-09-11,EXECUTE,EXECUTE,is_ascending_triangle_breakout,CAUTION,NEUTRAL,47.0,TARGET_HIT,4,24.8868778280543,24.5868778280543,3.451473286587156,1,1.0,0.03451473286587156,1.0345147328658715,0.033932459635034544
ABREL.NS,2024-09-12,2024-09-13,EXECUTE,EXECUTE,is_ascending_triangle_breakout,CAUTION,NEUTRAL,48.2,TARGET_HIT,1,15.4368254417819,15.1368254417819,1.70115754434598,1,1.0,0.0170115754434598,1.0170115754434599,0.016868498951953696
KAYNES.NS,2024-08-14,2024-09-17,EXECUTE,"AVOID,EXECUTE",is_ascending_triangle_breakout,CAUTION,NEUTRAL,53.8,TARGET_HIT,23,19.898099030973377,19.598099030973376,1.4183660131525169,5,1.0,0.014183660131525168,1.0141836601315253,0.014084013158013848
AVALON.NS,2024-09-19,2024-09-24,EXECUTE,EXECUTE,is_ascending_triangle_breakout,CAUTION,NEUTRAL,50.8,TARGET_HIT,3,21.64454277286136,21.34454277286136,1.9603769091573766,1,1.0,0.019603769091573766,1.0196037690915738,0.019414090150469982
NBCC.NS,2024-08-29,2024-10-03,EXECUTE,"AVOID,EXECUTE",is_ascending_triangle_breakout,CAUTION,NEUTRAL,59.2,STOP_HIT,24,-16.194200622489692,-16.494200622489693,-1.0185251502678914,5,1.0,-0.010185251502678913,0.9898147484973211,-0.010237476093122505
BIOCON.NS,2024-09-05,2024-10-04,EXECUTE,"AVOID,EXECUTE",is_vcp_breakout,CAUTION,NEUTRAL,51.4,STOP_HIT,20,-3.31036023596124,-3.61036023596124,-1.0906245781776338,4,1.0,-0.010906245781776338,0.9890937542182237,-0.010966154867315878
NAUKRI.NS,2024-09-19,2024-10-04,EXECUTE,"EXECUTE,MONITOR",is_ascending_triangle_breakout,CAUTION,NEUTRAL,71.8,TARGET_HIT,10,10.01874056752409,9.718740567524089,2.2594399276042982,2,1.0,0.02259439927604298,1.022594399276043,0.022342926703763196
APOLLOTYRE.NS,2024-09-26,2024-10-07,EXECUTE,"AVOID,EXECUTE",is_ascending_triangle_breakout,CAUTION,NEUTRAL,42.6,STOP_HIT,6,-4.0458437324580325,-4.345843732458032,-1.0741501698627733,2,1.0,-0.010741501698627734,0.9892584983013722,-0.010799608102633721
IPCALAB.NS,2024-10-11,2024-10-14,EXECUTE,EXECUTE,is_ascending_triangle_breakout,CAUTION,NEUTRAL,60.0,TARGET_HIT,1,9.589132427702312,9.289132427702311,2.400824945209764,1,1.0,0.02400824945209764,1.0240082494520977,0.023724582690429933
TRITURBINE.NS,2024-10-11,2024-10-25,EXECUTE,"AVOID,EXECUTE",is_ascending_triangle_breakout,CAUTION,NEUTRAL,52.0,STOP_HIT,10,-11.43908186436474,-11.73908186436474,-1.0262258810241203,2,1.0,-0.010262258810241202,0.9897377411897588,-0.010315278836926834
SYNGENE.NS,2024-09-05,2024-11-01,EXECUTE,"AVOID,EXECUTE",is_flat_base_breakout,CAUTION,NEUTRAL,50.4,TIME_EXIT,40,-3.1102362204724385,-3.4102362204724384,-0.42576817552057317,8,1.0,-0.004257681755205731,0.9957423182447943,-0.004266771492149905
PAGEIND.NS,2024-10-11,2024-11-08,EXECUTE,"AVOID,EXECUTE",is_ascending_triangle_breakout,CAUTION,NEUTRAL,42.6,TARGET_HIT,20,7.944658738273945,7.644658738273945,1.300615339284907,4,1.0,0.013006153392849069,1.0130061533928492,0.012922299673417084
ZENSARTECH.NS,2024-12-10,2025-01-23,EXECUTE,"AVOID,EXECUTE,MONITOR",is_ascending_triangle_breakout,UNFAVORABLE,NEUTRAL,41.6,TARGET_HIT,31,14.286676319067986,13.986676319067985,1.5744671987376184,7,1.0,0.015744671987376186,1.0157446719873762,0.01562201047433048
NH.NS,2025-02-25,2025-02-27,EXECUTE,EXECUTE,is_ascending_triangle_breakout,CAUTION,WEAK,57.6,TARGET_HIT,1,8.778280542986424,8.478280542986424,1.2471361274110764,1,1.0,0.012471361274110764,1.0124713612741107,0.012394234437152332
NH.NS,2025-03-05,2025-03-06,EXECUTE,EXECUTE,is_ascending_triangle_breakout,CAUTION,WEAK,59.0,TARGET_HIT,1,11.175866533775698,10.875866533775698,1.5083252319627753,1,1.0,0.015083252319627753,1.0150832523196278,0.014970631119912276
KOTAKBANK.NS,2025-03-27,2025-03-28,EXECUTE,EXECUTE,is_ascending_triangle_breakout,CAUTION,WEAK,46.2,TARGET_HIT,1,5.077965756216875,4.777965756216875,1.1832428860797701,1,1.0,0.011832428860797701,1.0118324288607976,0.01176297302506165
HOMEFIRST.NS,2025-04-15,2025-04-23,EXECUTE,EXECUTE,is_ascending_triangle_breakout,CAUTION,NEUTRAL,42.2,TARGET_HIT,5,19.933585042987776,19.633585042987775,1.556684437435605,1,1.0,0.015566844374356051,1.015566844374356,0.015446923972784922
KPRMILL.NS,2025-05-08,2025-05-09,EXECUTE,EXECUTE,is_ascending_triangle_breakout,CAUTION,NEUTRAL,49.0,TARGET_HIT,1,18.925288710817817,18.625288710817816,2.3116846736059373,1,1.0,0.023116846736059373,1.0231168467360594,0.02285370013026059
SHREECEM.NS,2025-05-15,2025-06-02,EXECUTE,"AVOID,EXECUTE",is_ascending_triangle_breakout,CAUTION,WEAK,87.0,STOP_HIT,12,-6.809073500637669,-7.109073500637669,-1.0440588576363443,3,1.0,-0.010440588576363444,0.9895594114236366,-0.010495473878756984
ESCORTS.NS,2025-05-15,2025-06-13,EXECUTE,"AVOID,EXECUTE",is_ascending_triangle_breakout,CAUTION,WEAK,55.4,STOP_HIT,21,-9.175386878829796,-9.475386878829797,-1.032696168996665,5,1.0,-0.010326961689966649,0.9896730383100334,-0.010380654736076753
DMART.NS,2025-04-23,2025-06-19,EXECUTE,"AVOID,EXECUTE",is_ascending_triangle_breakout,CAUTION,NEUTRAL,44.6,TIME_EXIT,40,1.4567618128055122,1.1567618128055122,0.1262078784857221,8,1.0,0.001262078784857221,1.0012620787848572,0.001261283032891665
LLOYDSENGG.NS,2025-07-03,2025-07-04,EXECUTE,EXECUTE,is_ascending_triangle_breakout,CAUTION,NEUTRAL,48.6,TARGET_HIT,1,24.072612470402515,23.772612470402514,1.7775966918844381,1,1.0,0.017775966918844383,1.0177759669188444,0.017619822120027058
DCMSHRIRAM.NS,2025-07-03,2025-07-04,EXECUTE,EXECUTE,is_vcp_breakout,CAUTION,NEUTRAL,48.0,TARGET_HIT,1,18.91665970074396,18.61665970074396,3.810883440555566,1,1.0,0.03810883440555566,1.0381088344055556,0.03740062934900048
GLENMARK.NS,2025-07-17,2025-07-18,EXECUTE,EXECUTE,is_ascending_triangle_breakout,CAUTION,NEUTRAL,49.0,TARGET_HIT,1,9.719596210696189,9.419596210696188,1.3348114633840935,1,1.0,0.013348114633840936,1.013348114633841,0.01325981345334568
ANANDRATHI.NS,2025-07-17,2025-07-23,EXECUTE,EXECUTE,is_ascending_triangle_breakout,CAUTION,NEUTRAL,48.4,TARGET_HIT,4,24.343015214384504,24.043015214384504,3.0377711798940736,1,1.0,0.030377711798940738,1.0303777117989408,0.029925445504096707
DEEPAKFERT.NS,2025-05-29,2025-07-24,EXECUTE,"AVOID,EXECUTE,MONITOR",is_ascending_triangle_breakout,CAUTION,NEUTRAL,49.2,TIME_EXIT,40,15.96400841738626,15.66400841738626,1.2101553755451366,8,1.0,0.012101553755451367,1.0121015537554514,0.012028915391316187
ICICIPRULI.NS,2025-05-29,2025-07-24,EXECUTE,"AVOID,EXECUTE",is_ascending_triangle_breakout,CAUTION,NEUTRAL,41.6,TIME_EXIT,40,1.428978544966002,1.128978544966002,0.14999556553636112,8,1.0,0.0014999556553636113,1.0014999556553636,0.0014988318455158897
UTIAMC.NS,2025-07-10,2025-09-08,EXECUTE,"AVOID,EXECUTE",is_ascending_triangle_breakout,FAVORABLE,NEUTRAL,45.0,TIME_EXIT,40,2.167917879577137,1.867917879577137,0.1995217767352045,8,1.0,0.001995217767352045,1.0019952177673521,0.0019932299640104145
VIJAYA.NS,2025-07-24,2025-09-22,EXECUTE,"AVOID,EXECUTE,MONITOR",is_flat_base_breakout,CAUTION,NEUTRAL,42.6,TIME_EXIT,40,-0.5871768159863666,-0.8871768159863667,-0.12069000998717348,8,1.0,-0.001206900099871735,0.9987930999001282,-0.0012076289903216499
ADANIGREEN.NS,2025-09-22,2025-09-23,EXECUTE,EXECUTE,is_vcp_breakout,CAUTION,WEAK,43.2,TARGET_HIT,1,9.500676115590728,9.200676115590728,2.6357704770724975,1,1.0,0.026357704770724976,1.026357704770725,0.02601632611514296
VIYASH.NS,2025-09-22,2025-09-23,EXECUTE,EXECUTE,is_ascending_triangle_breakout,CAUTION,NEUTRAL,46.4,TARGET_HIT,1,9.284865507183753,8.984865507183752,2.443079295843411,1,1.0,0.024430792958434113,1.0244307929584342,0.024137134397931394
AWL.NS,2025-09-22,2025-09-24,EXECUTE,EXECUTE,is_ascending_triangle_breakout,CAUTION,NEUTRAL,47.8,STOP_HIT,2,-5.100350385748902,-5.400350385748902,-1.0588194883312805,1,1.0,-0.010588194883312805,0.9894118051166872,-0.010644648668151945
USHAMART.NS,2025-09-22,2025-09-26,EXECUTE,EXECUTE,is_ascending_triangle_breakout,CAUTION,WEAK,47.4,TARGET_HIT,4,15.286947689182307,14.986947689182307,2.5258362950956808,1,1.0,0.02525836295095681,1.0252583629509568,0.024944642243797777
HINDZINC.NS,2025-10-14,2025-10-15,EXECUTE,EXECUTE,is_ascending_triangle_breakout,CAUTION,NEUTRAL,43.8,TARGET_HIT,1,6.416997410871435,6.116997410871435,1.6049546821676022,1,1.0,0.016049546821676024,1.016049546821676,0.015922114524007915
INDIACEM.NS,2025-08-22,2025-10-21,EXECUTE,"AVOID,EXECUTE",is_ascending_triangle_breakout,UNFAVORABLE,WEAK,69.4,TIME_EXIT,40,4.061251664447404,3.7612516644474043,0.51948542035736,8,1.0,0.0051948542035736,1.0051948542035736,0.0051814074974894835
CEATLTD.NS,2025-10-21,2025-10-23,EXECUTE,EXECUTE,is_ascending_triangle_breakout,CAUTION,NEUTRAL,53.2,TARGET_HIT,1,7.752140280837107,7.452140280837107,1.2146842779940472,1,1.0,0.012146842779940473,1.0121468427799405,0.012073661900266524
CUB.NS,2025-11-06,2025-11-07,EXECUTE,EXECUTE,is_ascending_triangle_breakout,CAUTION,NEUTRAL,58.2,TARGET_HIT,1,12.304554724677091,12.00455472467709,2.3315348289035627,1,1.0,0.02331534828903563,1.0233153482890356,0.023047697814700167
ASHOKLEY.NS,2025-11-13,2025-11-14,EXECUTE,EXECUTE,is_ascending_triangle_breakout,CAUTION,NEUTRAL,63.2,TARGET_HIT,1,5.1267847637678186,4.826784763767819,1.6456646340536323,1,1.0,0.016456646340536323,1.0164566463405362,0.016322703241202344
VIYASH.NS,2025-11-13,2025-11-18,EXECUTE,EXECUTE,is_ascending_triangle_breakout,CAUTION,WEAK,77.6,TARGET_HIT,3,14.630341134008612,14.330341134008611,1.445845857832209,1,1.0,0.014458458578322092,1.014458458578322,0.014354931765039842
AIAENG.NS,2025-11-13,2025-11-20,EXECUTE,EXECUTE,is_ascending_triangle_breakout,CAUTION,NEUTRAL,47.4,TARGET_HIT,5,11.672109924382848,11.372109924382848,1.4596702581527692,1,1.0,0.014596702581527692,1.0145967025815277,0.014491196176245398
COFORGE.NS,2025-12-04,2025-12-26,EXECUTE,"AVOID,EXECUTE",is_ascending_triangle_breakout,CAUTION,NEUTRAL,46.2,STOP_HIT,15,-7.139979907342352,-7.439979907342352,-1.0420169249624214,3,1.0,-0.010420169249624214,0.9895798307503758,-0.010474839325811091
SANSERA.NS,2025-11-27,2026-01-02,EXECUTE,"AVOID,EXECUTE",is_ascending_triangle_breakout,CAUTION,NEUTRAL,67.6,TARGET_HIT,25,14.777448071216616,14.477448071216616,1.6225332294162056,5,1.0,0.016225332294162058,1.0162253322941621,0.0160951083200057
AJANTPHARM.NS,2026-01-02,2026-01-05,EXECUTE,EXECUTE,is_ascending_triangle_breakout,UNFAVORABLE,WEAK,45.8,TARGET_HIT,1,7.914156626506018,7.614156626506018,1.5525570057510052,1,1.0,0.015525570057510053,1.01552557005751,0.015406281492355896
INDUSTOWER.NS,2026-01-09,2026-01-12,EXECUTE,EXECUTE,is_ascending_triangle_breakout,CAUTION,WEAK,58.6,TARGET_HIT,1,5.5906077038430535,5.290607703843054,1.8926771414156724,1,1.0,0.018926771414156725,1.0189267714141568,0.01874988847298324
IFCI.NS,2026-01-19,2026-01-20,EXECUTE,EXECUTE,is_ascending_triangle_breakout,CAUTION,NEUTRAL,46.8,TARGET_HIT,1,14.05465699944228,13.754656999442279,1.3018545624104025,1,1.0,0.013018545624104025,1.013018545624104,0.01293453272394317
ADANIPOWER.NS,2026-04-20,2026-04-21,EXECUTE,EXECUTE,is_ascending_triangle_breakout,UNFAVORABLE,WEAK,48.4,TARGET_HIT,1,16.841636444614128,16.541636444614127,1.8064913749093297,1,1.0,0.018064913749093296,1.0180649137490934,0.017903682057149775
NLCINDIA.NS,2026-04-20,2026-04-28,EXECUTE,EXECUTE,is_ascending_triangle_breakout,UNFAVORABLE,WEAK,45.8,TARGET_HIT,6,15.819511325129309,15.519511325129308,1.317434118877772,2,1.0,0.013174341188777722,1.0131743411887777,0.013088314297252008
CESC.NS,2026-05-05,2026-05-18,EXECUTE,"AVOID,EXECUTE",is_vcp_breakout,UNFAVORABLE,WEAK,63.6,STOP_HIT,9,-4.066205209793805,-4.366205209793804,-1.073778863712393,2,1.0,-0.010737788637123932,0.9892622113628761,-0.010795854731253088
GLAND.NS,2026-05-19,2026-05-20,EXECUTE,EXECUTE,is_ascending_triangle_breakout,CAUTION,WEAK,46.8,TARGET_HIT,1,13.108779679734958,12.808779679734958,1.7870528878803178,1,1.0,0.01787052887880318,1.0178705288788032,0.01771272819210004
ATGL.NS,2026-05-26,2026-05-29,EXECUTE,EXECUTE,is_ascending_triangle_breakout,UNFAVORABLE,NEUTRAL,45.4,TARGET_HIT,2,24.69274580335731,24.39274580335731,1.8769558963672253,1,1.0,0.018769558963672252,1.0187695589636723,0.018595584371383093
POLICYBZR.NS,2026-05-19,2026-06-03,EXECUTE,"AVOID,EXECUTE",is_ascending_triangle_breakout,CAUTION,NEUTRAL,60.2,STOP_HIT,10,-10.244789473264431,-10.544789473264432,-1.0292831786131773,2,1.0,-0.010292831786131773,0.9897071682138683,-0.010346169290859323
IFCI.NS,2026-06-03,2026-06-04,EXECUTE,EXECUTE,is_ascending_triangle_breakout,UNFAVORABLE,WEAK,48.8,TARGET_HIT,1,11.654654194142012,11.354654194142011,1.352319297749776,1,1.0,0.01352319297749776,1.0135231929774977,0.013432570691000272
INDIGO.NS,2026-06-24,2026-06-25,EXECUTE,EXECUTE,is_ascending_triangle_breakout,UNFAVORABLE,WEAK,56.2,TARGET_HIT,1,9.85814446437306,9.55814446437306,1.551126403346236,1,1.0,0.01551126403346236,1.0155112640334623,0.01539219408260739
NIVABUPA.NS,2026-05-11,2026-07-08,EXECUTE,"AVOID,EXECUTE",is_flat_base_breakout,CAUTION,NEUTRAL,41.4,TIME_EXIT,40,3.699633699633701,3.3996336996337013,0.44564799299725893,8,1.0,0.0044564799299725896,1.0044564799299727,0.004446579227246866
BIOCON.NS,2026-05-12,2026-07-09,EXECUTE,"AVOID,EXECUTE",is_ascending_triangle_breakout,CAUTION,WEAK,57.6,TIME_EXIT,40,0.4043042856254276,0.1043042856254276,0.011770076479685183,8,1.0,0.00011770076479685183,1.0001177007647968,0.00011769383860523632
JBMA.NS,2026-05-12,2026-07-09,EXECUTE,"AVOID,EXECUTE",is_ascending_triangle_breakout,CAUTION,NEUTRAL,56.8,TIME_EXIT,40,3.0808877264510137,2.780887726451014,0.3576192013184043,8,1.0,0.003576192013184043,1.003576192013184,0.003569812643237061
PTCIL.NS,2026-06-03,2026-07-24,EXECUTE,"AVOID,EXECUTE",is_ascending_triangle_breakout,UNFAVORABLE,NEUTRAL,44.6,TIME_EXIT,36,4.3150866252904665,4.015086625290467,0.45948604893361045,8,1.0,0.004594860489336105,1.004594860489336,0.004584336343551603
GRAVITA.NS,2026-07-09,2026-07-24,EXECUTE,"AVOID,EXECUTE,MONITOR",is_ascending_triangle_breakout,CAUTION,NEUTRAL,68.0,TIME_EXIT,11,0.5264945652173887,0.2264945652173887,0.02338576584680277,3,1.0,0.0002338576584680277,1.000233857658468,0.00023383031802816986
