ticker,episode_start_date,episode_end_date_original,category,category_changes,pattern_used,market_regime_verdict,sector_health_verdict,confidence_score,exit_reason_original,days_held_original,gross_return_pct_original,net_return_pct_original,r_multiple_original,n_signals_absorbed,entry_price,stop_pct,episode_end_date_trailing,exit_reason_trailing,days_held_trailing,gross_return_pct_trailing,net_return_pct_trailing,r_multiple_trailing,partial_exit_date,partial_exit_price,never_hit_partial_trigger,delta_net_return_pct
POLICYBZR.NS,2024-08-14,2024-08-16,EXECUTE,EXECUTE,is_ascending_triangle_breakout,CAUTION,WEAK,63.0,TARGET_HIT,1,10.20335625412808,9.903356254128079,1.3853971497081137,1,1504.35,7.148387923430184,2024-09-25,TRAILING_MA,29,13.470934290557391,13.17093429055739,1.8425041326292855,2024-08-16,1691.95,False,3.2675780364293114
TRITURBINE.NS,2024-08-14,2024-08-16,ALERT_WATCHLIST,ALERT_WATCHLIST,is_ascending_triangle_breakout,CAUTION,NEUTRAL,62.0,TARGET_HIT,1,12.837184920272202,12.537184920272201,0.9551655888369077,1,655.975,13.125666446525322,2024-08-30,TRAILING_MA,11,16.63173139220244,16.33173139220244,1.2442592121884857,2024-08-16,810.0,False,3.7945464719302375
KAYNES.NS,2024-08-14,2024-09-17,EXECUTE,"AVOID,EXECUTE",is_ascending_triangle_breakout,CAUTION,NEUTRAL,53.8,TARGET_HIT,23,19.898099030973377,19.598099030973376,1.4183660131525169,5,4651.575,13.817377777837372,2024-09-02,TRAILING_MA,12,4.747854221419625,4.447854221419625,0.3219029176834001,2024-08-16,5082.2,False,-15.150244809553751
GILLETTE.NS,2024-08-22,2024-08-26,ALERT_WATCHLIST,ALERT_WATCHLIST,is_ascending_triangle_breakout,CAUTION,NEUTRAL,51.0,TARGET_HIT,2,7.31312139437829,7.01312139437829,0.992998848695985,1,8147.0,7.0625674980267945,2024-09-23,TRAILING_MA,22,9.161961458205477,8.861961458205476,1.2547790107041685,2024-08-26,8969.7,False,1.8488400638271862
INDIGO.NS,2024-08-29,2024-08-30,ALERT_WATCHLIST,ALERT_WATCHLIST,is_ascending_triangle_breakout,CAUTION,NEUTRAL,55.0,TARGET_HIT,1,7.285513048223044,6.985513048223044,0.9679860797330071,1,4490.075000000001,7.216542876473812,2024-09-24,TRAILING_MA,18,8.32224406051122,8.02224406051122,1.1116464209842114,2024-09-11,4900.4,False,1.0367310122881754
GODREJIND.NS,2024-08-29,2024-09-02,ALERT_WATCHLIST,ALERT_WATCHLIST,is_ascending_triangle_breakout,CAUTION,NEUTRAL,43.0,TARGET_HIT,2,9.61000580505567,9.310005805055669,0.9449232345343158,1,947.45,9.852658358690794,2024-10-01,TRAILING_MA,23,18.940313473006494,18.640313473006493,1.8919070157917655,2024-09-02,1061.65,False,9.330307667950825
NBCC.NS,2024-08-29,2024-10-03,EXECUTE,"AVOID,EXECUTE",is_ascending_triangle_breakout,CAUTION,NEUTRAL,59.2,STOP_HIT,24,-16.194200622489692,-16.494200622489693,-1.0185251502678914,5,191.845,16.194200622489692,2024-10-03,HARD_STOP,24,-16.194200622489692,-16.494200622489693,-1.0185251502678914,,,True,0.0
GILLETTE.NS,2024-08-29,2024-08-30,ALERT_WATCHLIST,ALERT_WATCHLIST,is_ascending_triangle_breakout,CAUTION,NEUTRAL,44.2,TARGET_HIT,1,7.31312139437829,7.01312139437829,0.9768482369561828,1,8147.0,7.1793356726843,2024-09-23,TRAILING_MA,17,8.64520682459801,8.345206824598009,1.1623926230876176,2024-08-30,8885.5,False,1.3320854302197187
DMART.NS,2024-09-05,2024-09-11,ALERT_WATCHLIST,ALERT_WATCHLIST,is_ascending_triangle_breakout,CAUTION,NEUTRAL,49.8,TARGET_HIT,4,6.119535779583293,5.819535779583293,1.1093973165355273,1,5113.95,5.245673207284099,2024-10-04,HARD_STOP,20,-5.245673207284099,-5.545673207284099,-1.0571899903302062,,,True,-11.365208986867392
SYNGENE.NS,2024-09-05,2024-11-01,EXECUTE,"AVOID,EXECUTE",is_flat_base_breakout,CAUTION,NEUTRAL,50.4,TIME_EXIT,40,-3.1102362204724385,-3.4102362204724384,-0.42576817552057317,8,889.0,8.009608083795486,2024-11-01,TIME_STOP,40,-3.1102362204724385,-3.4102362204724384,-0.42576817552057317,,,True,0.0
PPLPHARMA.NS,2024-09-05,2024-09-11,EXECUTE,EXECUTE,is_ascending_triangle_breakout,CAUTION,NEUTRAL,47.0,TARGET_HIT,4,24.8868778280543,24.5868778280543,3.451473286587156,1,193.375,7.123589199893822,2024-10-03,TRAILING_MA,19,15.90691661279897,15.606916612798969,2.190878246184043,2024-09-06,226.31,False,-8.97996121525533
BIOCON.NS,2024-09-05,2024-10-04,EXECUTE,"AVOID,EXECUTE",is_vcp_breakout,CAUTION,NEUTRAL,51.4,STOP_HIT,20,-3.31036023596124,-3.61036023596124,-1.0906245781776338,4,359.05,3.31036023596124,2024-09-18,TRAILING_MA,9,5.117671633477223,4.817671633477223,1.4553315319407527,2024-09-16,391.2,False,8.428031869438463
NAVA.NS,2024-09-12,2024-09-17,ALERT_WATCHLIST,ALERT_WATCHLIST,is_ascending_triangle_breakout,CAUTION,NEUTRAL,49.0,TARGET_HIT,3,15.441030723488597,15.141030723488596,1.7418393161671064,1,507.87224847297455,8.69255308624347,2024-10-01,TRAILING_MA,13,9.732408325074317,9.432408325074316,1.08511368656485,2024-09-16,557.5017863316814,False,-5.708622398414279
BHARTIARTL.NS,2024-09-12,2024-09-23,ALERT_WATCHLIST,"ALERT_WATCHLIST,AVOID",is_ascending_triangle_breakout,CAUTION,NEUTRAL,46.8,TARGET_HIT,7,10.100848918108126,9.800848918108125,1.5334934310341415,2,1566.7,6.391190675984005,2024-10-04,TRAILING_MA,15,6.997191549115976,6.697191549115976,1.0478785391713976,2024-09-20,1711.75,False,-3.103657368992149
ABREL.NS,2024-09-12,2024-09-13,EXECUTE,EXECUTE,is_ascending_triangle_breakout,CAUTION,NEUTRAL,48.2,TARGET_HIT,1,15.4368254417819,15.1368254417819,1.70115754434598,1,2471.525,8.897956272240112,2024-10-07,TRAILING_MA,16,11.950111773095555,11.650111773095555,1.3093019808876372,2024-09-13,2896.1,False,-3.4867136686863454
HAVELLS.NS,2024-09-12,2024-10-17,ALERT_WATCHLIST,"ALERT_WATCHLIST,AVOID",is_ascending_triangle_breakout,CAUTION,NEUTRAL,55.2,STOP_HIT,24,-6.475689165338894,-6.7756891653388935,-1.0463271155147083,5,1911.225,6.475689165338894,2024-10-03,TRAILING_MA,14,6.091642794542777,5.791642794542777,0.8943670158757043,2024-09-23,2082.4,False,12.56733195988167
SHRIRAMFIN.NS,2024-09-12,2024-10-18,ALERT_WATCHLIST,"ALERT_WATCHLIST,AVOID",is_vcp_breakout,CAUTION,NEUTRAL,49.4,STOP_HIT,25,-2.6153426138259537,-2.9153426138259535,-1.1147077244924073,5,618.9137498442977,2.6153426138259537,2024-10-03,TRAILING_MA,14,6.8279849490654385,6.527984949065439,2.4960343300932673,2024-09-18,676.8120718187804,False,9.443327562891392
BIKAJI.NS,2024-09-19,2024-11-14,ALERT_WATCHLIST,"ALERT_WATCHLIST,AVOID",is_ascending_triangle_breakout,CAUTION,STRONG,57.2,STOP_HIT,39,-10.292212087748153,-10.592212087748154,-1.0291482528189562,8,898.375,10.292212087748153,2024-10-04,TRAILING_MA,10,4.6166689856685705,4.316668985668571,0.41941119643338215,2024-09-23,978.7,False,14.908881073416724
UNITDSPR.NS,2024-09-19,2024-09-20,ALERT_WATCHLIST,ALERT_WATCHLIST,is_ascending_triangle_breakout,CAUTION,STRONG,68.2,TARGET_HIT,1,5.6340431340431305,5.334043134043131,0.9536526315508104,1,1465.2,5.593276794474964,2024-10-04,TRAILING_MA,10,7.821457821457816,7.521457821457816,1.3447319161618299,2024-09-23,1628.25,False,2.1874146874146856
MCDOWELL-N.NS,2024-09-19,2024-09-20,ALERT_WATCHLIST,ALERT_WATCHLIST,is_ascending_triangle_breakout,CAUTION,STRONG,68.2,TARGET_HIT,1,5.6340431340431305,5.334043134043131,0.9536526315508104,1,1465.2,5.593276794474964,2024-10-04,TRAILING_MA,10,7.821457821457816,7.521457821457816,1.3447319161618299,2024-09-23,1628.25,False,2.1874146874146856
JUBLFOOD.NS,2024-09-19,2024-10-01,ALERT_WATCHLIST,ALERT_WATCHLIST,is_vcp_breakout,CAUTION,NEUTRAL,67.0,STOP_HIT,8,-3.856137130978607,-4.156137130978607,-1.0777980631419781,2,685.0,3.856137130978607,2024-10-01,HARD_STOP,8,-3.856137130978607,-4.156137130978607,-1.0777980631419781,,,True,0.0
AVALON.NS,2024-09-19,2024-09-24,EXECUTE,EXECUTE,is_ascending_triangle_breakout,CAUTION,NEUTRAL,50.8,TARGET_HIT,3,21.64454277286136,21.34454277286136,1.9603769091573766,1,542.4,10.887979078490485,2024-10-03,TRAILING_MA,9,9.669985250737462,9.36998525073746,0.8605807545358105,2024-09-24,629.65,False,-11.974557522123899
APOLLOTYRE.NS,2024-09-26,2024-10-07,EXECUTE,"AVOID,EXECUTE",is_ascending_triangle_breakout,CAUTION,NEUTRAL,42.6,STOP_HIT,6,-4.0458437324580325,-4.345843732458032,-1.0741501698627733,2,523.05,4.0458437324580325,2024-10-07,HARD_STOP,6,-4.0458437324580325,-4.345843732458032,-1.0741501698627733,,,True,0.0
TATACOMM.NS,2024-09-26,2024-10-17,ALERT_WATCHLIST,"ALERT_WATCHLIST,AVOID",is_ascending_triangle_breakout,CAUTION,NEUTRAL,41.0,STOP_HIT,14,-7.476357160498042,-7.7763571604980415,-1.040126493900676,3,2049.45,7.476357160498042,2024-10-17,HARD_STOP,14,-7.476357160498042,-7.7763571604980415,-1.040126493900676,,,True,0.0
CHOLAHLDNG.NS,2024-09-26,2024-10-28,EXECUTE,"AVOID,EXECUTE",is_vcp_breakout,CAUTION,NEUTRAL,63.2,STOP_HIT,21,-7.218224037999309,-7.518224037999309,-1.0415614697494415,5,1889.0,7.218224037999309,2024-10-08,TRAILING_MA,7,5.38909475913182,5.08909475913182,0.7050341929456619,2024-09-30,2043.7,False,12.607318797131128
VIYASH.NS,2024-09-26,2024-09-27,EXECUTE,EXECUTE,is_ascending_triangle_breakout,CAUTION,NEUTRAL,62.4,TARGET_HIT,1,12.143452877397834,11.843452877397834,1.5586608923220195,1,179.85,7.59847952543033,2024-10-10,TRAILING_MA,9,14.178482068390325,13.878482068390324,1.8264814719763736,2024-09-27,217.28,False,2.035029190992491
HINDCOPPER.NS,2024-09-26,2024-10-22,ALERT_WATCHLIST,"ALERT_WATCHLIST,AVOID",is_ascending_triangle_breakout,CAUTION,NEUTRAL,44.8,STOP_HIT,17,-8.948241782080578,-9.248241782080578,-1.0335261392467925,4,333.25,8.948241782080578,2024-10-22,HARD_STOP,17,-8.948241782080578,-9.248241782080578,-1.0335261392467925,,,True,0.0
PAGEIND.NS,2024-10-11,2024-11-08,EXECUTE,"AVOID,EXECUTE",is_ascending_triangle_breakout,CAUTION,NEUTRAL,42.6,TARGET_HIT,20,7.944658738273945,7.644658738273945,1.300615339284907,4,43495.575,5.877724571876159,2024-11-18,TRAILING_MA,25,5.873930853885724,5.573930853885724,0.9483144005345142,2024-11-08,48002.9,False,-2.070727884388221
IPCALAB.NS,2024-10-11,2024-10-14,EXECUTE,EXECUTE,is_ascending_triangle_breakout,CAUTION,NEUTRAL,60.0,TARGET_HIT,1,9.589132427702312,9.289132427702311,2.400824945209764,1,1499.875,3.8691419156721167,2024-10-23,TRAILING_MA,8,8.2756896408034,7.9756896408034,2.061358775313344,2024-10-14,1682.2,False,-1.3134427868989116
TRITURBINE.NS,2024-10-11,2024-10-25,EXECUTE,"AVOID,EXECUTE",is_ascending_triangle_breakout,CAUTION,NEUTRAL,52.0,STOP_HIT,10,-11.43908186436474,-11.73908186436474,-1.0262258810241203,2,792.475,11.43908186436474,2024-10-25,HARD_STOP,10,-11.439081864364741,-11.739081864364742,-1.0262258810241203,,,True,-1.7763568394002505e-15
PAYTM.NS,2024-11-08,2024-11-25,ALERT_WATCHLIST,"ALERT_WATCHLIST,AVOID",is_ascending_triangle_breakout,CAUTION,WEAK,48.4,TARGET_HIT,9,18.46946284032376,18.16946284032376,1.1976877041570038,2,781.425,15.170451176262508,2024-12-20,TRAILING_MA,28,14.575934990562118,14.275934990562117,0.9410356241019345,2024-11-21,845.4,False,-3.893527849761643
MEDANTA.NS,2024-12-03,2025-01-13,ALERT_WATCHLIST,"ALERT_WATCHLIST,AVOID",is_ascending_triangle_breakout,UNFAVORABLE,WEAK,44.4,STOP_HIT,28,-10.138217351670804,-10.438217351670804,-1.029591001020565,6,1129.125,10.138217351670804,2025-01-13,HARD_STOP,28,-10.138217351670793,-10.438217351670794,-1.029591001020564,,,True,1.0658141036401503e-14
KEC.NS,2024-12-03,2024-12-04,ALERT_WATCHLIST,ALERT_WATCHLIST,is_ascending_triangle_breakout,UNFAVORABLE,WEAK,47.2,TARGET_HIT,1,16.63862359883403,16.33862359883403,1.5785469325271697,1,1054.925,10.35041990970567,2024-12-27,TRAILING_MA,17,13.553096191672408,13.253096191672407,1.2804404369377202,2024-12-04,1240.4,False,-3.0855274071616225
KIMS.NS,2024-12-10,2025-01-28,ALERT_WATCHLIST,"ALERT_WATCHLIST,AVOID,MONITOR",is_ascending_triangle_breakout,UNFAVORABLE,WEAK,85.6,STOP_HIT,34,-7.235412457566999,-7.5354124575669985,-1.0414627364727842,7,609.225,7.235412457566999,2025-01-16,TRAILING_MA,26,4.530345931306162,4.230345931306162,0.5846723951282068,2025-01-08,660.9,False,11.76575838887316
REDINGTON.NS,2024-12-10,2025-02-04,ALERT_WATCHLIST,"ALERT_WATCHLIST,AVOID",is_ascending_triangle_breakout,UNFAVORABLE,NEUTRAL,60.8,TIME_EXIT,40,2.407810207901255,2.107810207901255,0.24563603403095277,8,197.69,8.581030125391328,2024-12-27,TRAILING_MA,12,5.316404471647532,5.016404471647532,0.584592338955198,2024-12-11,213.96,False,2.908594263746277
ZENSARTECH.NS,2024-12-10,2025-01-23,EXECUTE,"AVOID,EXECUTE,MONITOR",is_ascending_triangle_breakout,UNFAVORABLE,NEUTRAL,41.6,TARGET_HIT,31,14.286676319067986,13.986676319067985,1.5744671987376184,7,742.475,8.883434555056002,2024-12-20,TRAILING_MA,8,5.986733560052525,5.6867335600525255,0.6401503297861213,2024-12-11,805.95,False,-8.29994275901546
PRESTIGE.NS,2024-12-17,2024-12-26,ALERT_WATCHLIST,"ALERT_WATCHLIST,AVOID",is_vcp_breakout,CAUTION,WEAK,47.6,STOP_HIT,6,-4.096741482361328,-4.396741482361328,-1.0732289311619152,2,1780.0,4.096741482361328,2024-12-26,HARD_STOP,6,-4.096741482361328,-4.396741482361328,-1.0732289311619152,,,True,0.0
KFINTECH.NS,2024-12-24,2024-12-30,ALERT_WATCHLIST,ALERT_WATCHLIST,is_vcp_breakout,UNFAVORABLE,NEUTRAL,59.4,TARGET_HIT,3,27.234675116379147,26.934675116379147,4.602401774636607,1,1278.15,5.852308519611119,2025-01-10,TRAILING_MA,12,16.179634628173527,15.879634628173527,2.713396700628612,2024-12-26,1592.2,False,-11.05504048820562
INDIACEM.NS,2024-12-24,2025-01-21,ALERT_WATCHLIST,"ALERT_WATCHLIST,AVOID",is_ascending_triangle_breakout,UNFAVORABLE,WEAK,62.2,STOP_HIT,19,-5.6750217738829285,-5.975021773882928,-1.0528632332972947,4,369.75,5.6750217738829285,2025-01-21,HARD_STOP,19,-5.6750217738829285,-5.975021773882928,-1.0528632332972947,,,True,0.0
CRISIL.NS,2025-01-01,2025-01-02,ALERT_WATCHLIST,ALERT_WATCHLIST,is_ascending_triangle_breakout,CAUTION,WEAK,47.0,TARGET_HIT,1,10.043972554278714,9.743972554278713,0.9709862788788388,1,5659.975,10.03512898815595,2025-01-08,TRAILING_MA,5,5.62679163777225,5.32679163777225,0.5308144662673736,2025-01-02,6186.3,False,-4.417180916506463
LLOYDSENT.NS,2025-01-07,2025-01-08,ALERT_WATCHLIST,ALERT_WATCHLIST,is_ascending_triangle_breakout,UNFAVORABLE,WEAK,100.0,TARGET_HIT,1,15.465523957927552,15.165523957927551,1.0166559569914395,1,51.34,14.917065949041843,2025-01-27,TRAILING_MA,14,10.897935333073624,10.597935333073623,0.7104570945303323,2025-01-08,58.27,False,-4.5675886248539275
UNITDSPR.NS,2025-01-08,2025-01-14,ALERT_WATCHLIST,ALERT_WATCHLIST,is_ascending_triangle_breakout,UNFAVORABLE,WEAK,60.8,STOP_HIT,4,-7.478679864667746,-7.778679864667746,-1.040114031544166,1,1574.35,7.478679864667746,2025-01-14,HARD_STOP,4,-7.478679864667746,-7.778679864667746,-1.040114031544166,,,True,0.0
MCDOWELL-N.NS,2025-01-08,2025-01-14,ALERT_WATCHLIST,ALERT_WATCHLIST,is_ascending_triangle_breakout,UNFAVORABLE,WEAK,60.8,STOP_HIT,4,-7.478369530853928,-7.778369530853928,-1.0401156961771243,1,1574.35,7.478369530853928,2025-01-14,HARD_STOP,4,-7.478369530853928,-7.778369530853928,-1.0401156961771243,,,True,0.0
BHARTIARTL.NS,2025-02-11,2025-02-13,ALERT_WATCHLIST,ALERT_WATCHLIST,is_ascending_triangle_breakout,UNFAVORABLE,WEAK,59.0,TARGET_HIT,2,4.973635023629721,4.673635023629721,0.9537265269379017,1,1645.1750000000002,4.900393238127922,2025-02-28,HARD_STOP,12,-4.900393238127922,-5.200393238127922,-1.0612195767608656,,,True,-9.874028261757644
BHARTIARTL.NS,2025-02-18,2025-02-28,ALERT_WATCHLIST,"ALERT_WATCHLIST,AVOID",is_ascending_triangle_breakout,CAUTION,WEAK,59.2,STOP_HIT,7,-4.848499434769279,-5.1484994347692785,-1.0618748138545004,2,1645.1750000000002,4.848499434769279,2025-02-28,HARD_STOP,7,-4.848499434769279,-5.1484994347692785,-1.0618748138545004,,,True,0.0
NH.NS,2025-02-25,2025-02-27,EXECUTE,EXECUTE,is_ascending_triangle_breakout,CAUTION,WEAK,57.6,TARGET_HIT,1,8.778280542986424,8.478280542986424,1.2471361274110764,1,1381.25,6.798199776784948,2025-04-30,TIME_STOP,40,22.21176470588235,21.911764705882348,3.223171637395601,2025-03-03,1615.6,False,13.433484162895924
FORCEMOT.NS,2025-03-05,2025-03-10,ALERT_WATCHLIST,ALERT_WATCHLIST,is_ascending_triangle_breakout,CAUTION,WEAK,41.0,TARGET_HIT,3,12.990979472973931,12.69097947297393,0.9862639052112784,1,7039.5,12.867731857484186,2025-05-08,TIME_STOP,40,23.40720221606648,23.10720221606648,1.7957478809777008,2025-03-07,7660.0,False,10.416222743092549
NH.NS,2025-03-05,2025-03-06,EXECUTE,EXECUTE,is_ascending_triangle_breakout,CAUTION,WEAK,59.0,TARGET_HIT,1,11.175866533775698,10.875866533775698,1.5083252319627753,1,1381.25,7.210557977355449,2025-05-08,TIME_STOP,40,21.95113122171946,21.65113122171946,3.0026984443803406,2025-03-06,1579.2,False,10.775264687943762
SCHAEFFLER.NS,2025-03-20,2025-03-21,ALERT_WATCHLIST,ALERT_WATCHLIST,is_ascending_triangle_breakout,CAUTION,WEAK,44.8,TARGET_HIT,1,13.585219427725775,13.285219427725774,1.1810455717562092,1,3277.275,11.248693315001145,2025-04-01,TRAILING_MA,7,5.323782715823356,5.023782715823356,0.4466103373201303,2025-03-21,3649.15,False,-8.26143671190242
CHOLAFIN.NS,2025-03-20,2025-05-22,ALERT_WATCHLIST,"ALERT_WATCHLIST,AVOID,MONITOR",is_ascending_triangle_breakout,CAUTION,WEAK,61.6,TIME_EXIT,40,11.641791044776124,11.341791044776123,1.1596302707693362,8,1457.25,9.780523439812944,2025-04-29,TRAILING_MA,24,6.241207754331792,5.941207754331792,0.6074529436888114,2025-04-16,1611.9,False,-5.400583290444331
PGEL.NS,2025-03-27,2025-04-07,ALERT_WATCHLIST,"ALERT_WATCHLIST,AVOID",is_vcp_breakout,CAUTION,WEAK,59.8,STOP_HIT,6,-12.386005375590242,-12.686005375590243,-1.0242208840463791,2,915.0,12.386005375590242,2025-04-07,HARD_STOP,6,-12.386005375590242,-12.686005375590243,-1.0242208840463791,,,True,0.0
KOTAKBANK.NS,2025-03-27,2025-03-28,EXECUTE,EXECUTE,is_ascending_triangle_breakout,CAUTION,WEAK,46.2,TARGET_HIT,1,5.077965756216875,4.777965756216875,1.1832428860797701,1,387.4005439369784,4.03802618416483,2025-04-07,TRAILING_MA,6,7.242407256420691,6.942407256420691,1.7192576124556664,2025-03-28,428.6200881553034,False,2.164441500203816
NTPC.NS,2025-03-27,2025-05-29,ALERT_WATCHLIST,"ALERT_WATCHLIST,AVOID,MONITOR",is_ascending_triangle_breakout,CAUTION,WEAK,48.4,TIME_EXIT,40,1.5182110537731048,1.2182110537731048,0.1384753917101245,8,334.275,8.797310762068323,2025-04-25,TRAILING_MA,17,7.538703163562941,7.238703163562941,0.8228313582798865,2025-04-15,362.5,False,6.020492109789837
BAJFINANCE.NS,2025-03-27,2025-04-22,ALERT_WATCHLIST,"ALERT_WATCHLIST,AVOID,MONITOR",is_ascending_triangle_breakout,CAUTION,WEAK,48.0,TARGET_HIT,14,7.768161914284718,7.468161914284718,1.1882042106032085,3,866.4413397738733,6.285251177904345,2025-05-29,TIME_STOP,40,5.782160466158679,5.482160466158679,0.8722261546891057,,,True,-1.9860014481260393
EMAMILTD.NS,2025-04-04,2025-04-22,ALERT_WATCHLIST,"ALERT_WATCHLIST,MONITOR",is_ascending_triangle_breakout,CAUTION,NEUTRAL,68.6,TARGET_HIT,9,10.761523926703855,10.461523926703855,2.156311446213632,2,568.925,4.851582986805424,2025-05-08,TRAILING_MA,20,9.539921782308747,9.239921782308747,1.9045168983892558,2025-04-16,626.75,False,-1.2216021443951082
GMRAIRPORT.NS,2025-04-04,2025-04-09,ALERT_WATCHLIST,ALERT_WATCHLIST,is_ascending_triangle_breakout,CAUTION,WEAK,43.4,TARGET_HIT,3,11.795339148548369,11.495339148548368,3.514394265337127,1,76.81,3.2709304308649183,2025-05-08,TRAILING_MA,20,10.792865512303074,10.492865512303073,3.2079146084218273,2025-04-08,85.38,False,-1.0024736362452948
MEDANTA.NS,2025-04-15,2025-06-12,ALERT_WATCHLIST,"ALERT_WATCHLIST,AVOID",is_ascending_triangle_breakout,CAUTION,NEUTRAL,86.2,TIME_EXIT,40,-6.654584137740851,-6.95458413774085,-0.7028014840559431,8,1269.0500000000002,9.89551714888989,2025-06-12,TIME_STOP,40,-6.654584137740851,-6.95458413774085,-0.7028014840559431,,,True,0.0
BHARTIHEXA.NS,2025-04-15,2025-05-12,ALERT_WATCHLIST,"ALERT_WATCHLIST,AVOID",is_ascending_triangle_breakout,CAUTION,WEAK,100.0,TARGET_HIT,17,17.771706536949424,17.471706536949423,1.252305127412317,4,1500.7,13.951636988863758,2025-05-20,TRAILING_MA,23,10.385153594989006,10.085153594989006,0.7228652525176084,2025-04-21,1643.9,False,-7.386552941960417
3MINDIA.NS,2025-04-15,2025-06-12,ALERT_WATCHLIST,"ALERT_WATCHLIST,AVOID",is_ascending_triangle_breakout,CAUTION,WEAK,41.4,TIME_EXIT,40,0.9480064236500838,0.6480064236500838,0.12137760869782388,8,28955.5,5.338764131227291,2025-06-12,TIME_STOP,40,0.9480064236500838,0.6480064236500838,0.12137760869782388,,,True,0.0
HDFCBANK.NS,2025-04-15,2025-04-21,ALERT_WATCHLIST,ALERT_WATCHLIST,is_ascending_triangle_breakout,CAUTION,NEUTRAL,59.8,TARGET_HIT,3,7.375757998187781,7.075757998187782,1.105427455284827,1,888.7893819051983,6.400924786479656,2025-05-09,TRAILING_MA,16,7.378546037499131,7.078546037499131,1.1058630234885403,2025-04-22,972.2105697265923,False,0.0027880393113495217
ADANIPOWER.NS,2025-04-15,2025-06-10,ALERT_WATCHLIST,"ALERT_WATCHLIST,AVOID",is_ascending_triangle_breakout,CAUTION,NEUTRAL,82.8,TARGET_HIT,38,13.10402450912128,12.804024509121279,1.3319650112755923,8,129.2534448125176,9.612883522262464,2025-06-12,TIME_STOP,40,7.988673815160391,7.688673815160391,0.799830123537251,2025-06-10,143.04695869749085,False,-5.115350693960887
HOMEFIRST.NS,2025-04-15,2025-04-23,EXECUTE,EXECUTE,is_ascending_triangle_breakout,CAUTION,NEUTRAL,42.2,TARGET_HIT,5,19.933585042987776,19.633585042987775,1.556684437435605,1,1099.15,12.612437415595318,2025-05-06,TRAILING_MA,13,7.100941636719268,6.800941636719268,0.5392250056527442,2025-04-17,1202.3,False,-12.832643406268506
PAGEIND.NS,2025-04-15,2025-05-16,ALERT_WATCHLIST,"ALERT_WATCHLIST,AVOID,MONITOR",is_ascending_triangle_breakout,CAUTION,WEAK,71.4,TARGET_HIT,21,10.328909405654931,10.02890940565493,1.6241047141621705,5,43325.0,6.175038664812053,2025-05-28,TRAILING_MA,29,7.495672244662435,7.195672244662435,1.1652837553336108,2025-05-12,47050.0,False,-2.8332371609924953
MRF.NS,2025-04-15,2025-04-30,ALERT_WATCHLIST,"ALERT_WATCHLIST,AVOID",is_flat_base_breakout,CAUTION,WEAK,41.8,TARGET_HIT,10,14.00076378979526,13.700763789795259,1.9433828321376125,2,118749.95,7.049956170871996,2025-05-30,TRAILING_MA,31,13.172679230601785,12.872679230601785,1.8259232991812466,2025-04-24,129920.0,False,-0.8280845591934742
DMART.NS,2025-04-23,2025-06-19,EXECUTE,"AVOID,EXECUTE",is_ascending_triangle_breakout,CAUTION,NEUTRAL,44.6,TIME_EXIT,40,1.4567618128055122,1.1567618128055122,0.1262078784857221,8,4142.75,9.165527752186854,2025-04-30,TRAILING_MA,5,4.987025526522236,4.687025526522236,0.5113754115690645,2025-04-24,4498.8,False,3.5302637137167237
LODHA.NS,2025-04-23,2025-05-26,ALERT_WATCHLIST,"ALERT_WATCHLIST,AVOID",is_ascending_triangle_breakout,CAUTION,WEAK,46.8,TARGET_HIT,22,16.430863624437393,16.130863624437392,1.1570367962203483,5,1238.675,13.941530361982888,2025-05-09,TRAILING_MA,11,3.9740044805941848,3.674004480594185,0.263529496776969,2025-05-02,1341.5,False,-12.456859143843207
KPRMILL.NS,2025-05-08,2025-05-09,EXECUTE,EXECUTE,is_ascending_triangle_breakout,CAUTION,NEUTRAL,49.0,TARGET_HIT,1,18.925288710817817,18.625288710817816,2.3116846736059373,1,1060.75,8.057019594183972,2025-05-29,TRAILING_MA,15,15.745934480320525,15.445934480320524,1.917077934310884,2025-05-09,1306.25,False,-3.1793542304972924
SHREECEM.NS,2025-05-15,2025-06-02,EXECUTE,"AVOID,EXECUTE",is_ascending_triangle_breakout,CAUTION,WEAK,87.0,STOP_HIT,12,-6.809073500637669,-7.109073500637669,-1.0440588576363443,3,31326.475,6.809073500637669,2025-06-02,HARD_STOP,12,-6.809073500637669,-7.109073500637669,-1.0440588576363443,,,True,0.0
ABDL.NS,2025-05-15,2025-05-16,ALERT_WATCHLIST,ALERT_WATCHLIST,is_ascending_triangle_breakout,CAUTION,NEUTRAL,100.0,TARGET_HIT,1,17.09382661020726,16.793826610207258,1.4624930102323048,1,336.525,11.483013247044305,2025-07-02,TRAILING_MA,34,20.98655374786421,20.68655374786421,1.80149176029113,2025-05-16,389.95,False,3.8927271376569514
ESCORTS.NS,2025-05-15,2025-06-13,EXECUTE,"AVOID,EXECUTE",is_ascending_triangle_breakout,CAUTION,WEAK,55.4,STOP_HIT,21,-9.175386878829796,-9.475386878829797,-1.032696168996665,5,3384.625,9.175386878829796,2025-06-13,HARD_STOP,21,-9.175386878829796,-9.475386878829797,-1.032696168996665,,,True,0.0
BAJAJ-AUTO.NS,2025-05-22,2025-07-17,ALERT_WATCHLIST,"ALERT_WATCHLIST,AVOID",is_ascending_triangle_breakout,CAUTION,NEUTRAL,50.6,TIME_EXIT,40,0.7136401693875224,0.4136401693875224,0.04940680747796927,8,8270.975,8.372129074965358,2025-06-10,TRAILING_MA,13,6.30246131804291,6.0024613180429105,0.7169575700871224,2025-05-26,8958.5,False,5.588821148655388
DEEPAKFERT.NS,2025-05-29,2025-07-24,EXECUTE,"AVOID,EXECUTE,MONITOR",is_ascending_triangle_breakout,CAUTION,NEUTRAL,49.2,TIME_EXIT,40,15.96400841738626,15.66400841738626,1.2101553755451366,8,1378.1,12.94379939462742,2025-07-08,TRAILING_MA,28,13.852405485813808,13.552405485813807,1.0470191226417647,2025-06-03,1540.1,False,-2.1116029315724525
ICICIPRULI.NS,2025-05-29,2025-07-24,EXECUTE,"AVOID,EXECUTE",is_ascending_triangle_breakout,CAUTION,NEUTRAL,41.6,TIME_EXIT,40,1.428978544966002,1.128978544966002,0.14999556553636112,8,614.075,7.526746146987398,2025-06-12,TRAILING_MA,10,5.508284818629635,5.208284818629635,0.6919703038894524,2025-06-02,664.15,False,4.079306273663633
BIKAJI.NS,2025-05-29,2025-07-24,ALERT_WATCHLIST,"ALERT_WATCHLIST,AVOID,MONITOR",is_ascending_triangle_breakout,CAUTION,NEUTRAL,55.2,TIME_EXIT,40,5.462683530568645,5.162683530568645,0.5542535326185438,8,737.275,9.314660578125318,2025-07-24,TIME_STOP,40,5.462683530568645,5.162683530568645,0.5542535326185438,,,True,0.0
RPOWER.NS,2025-05-29,2025-05-30,EXECUTE,EXECUTE,is_ascending_triangle_breakout,CAUTION,NEUTRAL,49.2,TARGET_HIT,1,19.22279227158607,18.92279227158607,3.251965201897705,1,45.805,5.81887907673291,2025-07-03,TRAILING_MA,25,34.96343193974458,34.663431939744584,5.957063462333857,2025-05-30,58.1,False,15.740639668158515
ETERNAL.NS,2025-06-05,2025-07-14,ALERT_WATCHLIST,"ALERT_WATCHLIST,AVOID",is_ascending_triangle_breakout,CAUTION,NEUTRAL,43.0,TARGET_HIT,27,9.896814347719264,9.596814347719263,0.9210367383525998,6,244.22,10.419578229728902,2025-07-17,TRAILING_MA,30,7.450249774793216,7.150249774793216,0.6862321695893877,2025-06-26,265.18,False,-2.4465645729260475
GESHIP.NS,2025-06-05,2025-07-31,ALERT_WATCHLIST,"ALERT_WATCHLIST,AVOID,MONITOR",is_ascending_triangle_breakout,CAUTION,NEUTRAL,75.8,TIME_EXIT,40,-2.4569960822977004,-2.7569960822977,-0.2916579619513495,8,963.575,9.452840113987993,2025-07-31,TIME_STOP,40,-2.4569960822977004,-2.7569960822977,-0.2916579619513495,,,True,0.0
CAMS.NS,2025-06-05,2025-07-28,ALERT_WATCHLIST,"ALERT_WATCHLIST,AVOID,MONITOR",is_vcp_breakout,CAUTION,NEUTRAL,54.8,STOP_HIT,37,-3.7172161020815615,-4.017216102081561,-1.0807055580739593,8,792.3640129400763,3.7172161020815615,2025-07-28,HARD_STOP,37,-3.7172161020815624,-4.017216102081562,-1.0807055580739595,,,True,-8.881784197001252e-16
FIRSTCRY.NS,2025-06-05,2025-07-31,ALERT_WATCHLIST,"ALERT_WATCHLIST,AVOID,MONITOR",is_ascending_triangle_breakout,CAUTION,NEUTRAL,100.0,TIME_EXIT,40,-9.364482280736492,-9.664482280736493,-0.5971555250216244,8,378.8250000000001,16.184196370596286,2025-06-18,TRAILING_MA,9,3.6164455883323092,3.3164455883323094,0.2049187684324989,2025-06-06,414.9,False,12.980927869068802
GLENMARK.NS,2025-06-05,2025-06-06,ALERT_WATCHLIST,ALERT_WATCHLIST,is_ascending_triangle_breakout,CAUTION,NEUTRAL,43.4,TARGET_HIT,1,6.845360824742262,6.5453608247422626,0.9884804587747461,1,1455.0,6.6216390689760845,2025-07-31,TIME_STOP,40,27.982817869415804,27.682817869415803,4.1806594381013955,2025-06-06,1590.2,False,21.13745704467354
GMDCLTD.NS,2025-06-05,2025-07-31,ALERT_WATCHLIST,"ALERT_WATCHLIST,AVOID,MONITOR",is_vcp_breakout,CAUTION,NEUTRAL,61.6,TIME_EXIT,40,8.290939089784143,7.990939089784143,1.822804453643371,8,363.65,4.383870729420304,2025-06-19,TRAILING_MA,10,7.864705073559749,7.564705073559749,1.7255766742373948,2025-06-06,401.05,False,-0.4262340162243934
DRREDDY.NS,2025-06-05,2025-07-31,ALERT_WATCHLIST,"ALERT_WATCHLIST,AVOID",is_vcp_breakout,CAUTION,NEUTRAL,64.6,TIME_EXIT,40,1.0098600508905888,0.7098600508905888,0.2826391902405176,8,1257.6,2.511541482575431,2025-06-27,TRAILING_MA,16,5.904103053435124,5.604103053435124,2.2313400325319184,2025-06-12,1362.7,False,4.894243002544536
AFCONS.NS,2025-06-06,2025-06-20,ALERT_WATCHLIST,"ALERT_WATCHLIST,MONITOR",is_vcp_breakout,CAUTION,NEUTRAL,100.0,TARGET_HIT,10,7.377239934838256,7.077239934838256,2.2907609410561904,2,429.7,3.089471191863079,2025-07-17,HARD_STOP,29,-3.089471191863079,-3.3894711918630787,-1.0971039965642428,,,True,-10.466711126701334
DCMSHRIRAM.NS,2025-06-12,2025-06-20,ALERT_WATCHLIST,"ALERT_WATCHLIST,AVOID",is_ascending_triangle_breakout,CAUTION,NEUTRAL,56.0,TARGET_HIT,6,10.307681638502965,10.007681638502964,1.570947174511863,2,1081.475,6.370476232985128,2025-08-01,TRAILING_MA,36,17.566286784252988,17.266286784252987,2.7103604428898738,2025-06-19,1168.6,False,7.258605145750023
RAINBOW.NS,2025-06-12,2025-06-30,ALERT_WATCHLIST,"ALERT_WATCHLIST,AVOID",is_ascending_triangle_breakout,CAUTION,NEUTRAL,50.8,TARGET_HIT,12,8.381929319187801,8.0819293191878,0.9349678665096207,3,1423.3,8.644071746934886,2025-07-18,TRAILING_MA,26,8.497857092671964,8.197857092671963,0.9483791126073027,2025-06-30,1562.0,False,0.11592777348416305
CRISIL.NS,2025-06-12,2025-08-07,ALERT_WATCHLIST,"ALERT_WATCHLIST,AVOID,MONITOR",is_ascending_triangle_breakout,CAUTION,NEUTRAL,54.6,TIME_EXIT,40,-2.985493682732803,-3.285493682732803,-0.31930286219700915,8,5342.5,10.289584190152548,2025-07-18,TRAILING_MA,26,9.475900795507721,9.17590079550772,0.8917659475772931,2025-06-23,5794.5,False,12.461394478240523
WHIRLPOOL.NS,2025-06-26,2025-08-07,ALERT_WATCHLIST,"ALERT_WATCHLIST,AVOID",is_vcp_breakout,CAUTION,WEAK,48.0,STOP_HIT,30,-5.835028314385907,-6.135028314385907,-1.0514136322629948,6,1374.5,5.835028314385907,2025-08-07,HARD_STOP,30,-5.835028314385907,-6.135028314385907,-1.0514136322629948,,,True,0.0
BRITANNIA.NS,2025-06-26,2025-08-06,ALERT_WATCHLIST,"ALERT_WATCHLIST,AVOID",is_ascending_triangle_breakout,CAUTION,WEAK,60.4,STOP_HIT,29,-5.528274825962319,-5.8282748259623185,-1.0542664772364638,6,5726.5,5.528274825962319,2025-08-06,HARD_STOP,29,-5.528274825962319,-5.8282748259623185,-1.0542664772364638,,,True,0.0
NUVAMA.NS,2025-06-26,2025-08-01,ALERT_WATCHLIST,"ALERT_WATCHLIST,AVOID",is_flat_base_breakout,CAUTION,NEUTRAL,54.6,STOP_HIT,26,-10.81950751297065,-11.119507512970651,-1.0277276945961131,6,1529.7833223900195,10.81950751297065,2025-08-01,HARD_STOP,26,-10.81950751297065,-11.119507512970651,-1.0277276945961131,,,True,0.0
HDFCBANK.NS,2025-06-26,2025-08-22,ALERT_WATCHLIST,"ALERT_WATCHLIST,AVOID",is_ascending_triangle_breakout,CAUTION,NEUTRAL,52.8,TIME_EXIT,40,-0.4307941817444592,-0.7307941817444592,-0.21455971270561944,8,977.8603635252788,3.406017711941685,2025-08-22,TIME_STOP,40,-0.4307941817444708,-0.7307941817444707,-0.21455971270562282,,,True,-1.1546319456101628e-14
HDFCLIFE.NS,2025-06-26,2025-07-18,ALERT_WATCHLIST,"ALERT_WATCHLIST,AVOID,MONITOR",is_ascending_triangle_breakout,CAUTION,NEUTRAL,55.2,STOP_HIT,16,-4.4106341088831424,-4.710634108883142,-1.0680174307353656,4,770.45,4.4106341088831424,2025-07-18,HARD_STOP,16,-4.4106341088831424,-4.710634108883142,-1.0680174307353656,,,True,0.0
MAXHEALTH.NS,2025-06-26,2025-08-22,ALERT_WATCHLIST,"ALERT_WATCHLIST,AVOID,MONITOR",is_ascending_triangle_breakout,CAUTION,NEUTRAL,70.8,TIME_EXIT,40,0.8700624974469884,0.5700624974469883,0.08634762337174695,8,1224.0500000000002,6.601947745483791,2025-08-22,TIME_STOP,40,0.8700624974469884,0.5700624974469883,0.08634762337174695,,,True,0.0
ABBOTINDIA.NS,2025-06-26,2025-06-27,ALERT_WATCHLIST,ALERT_WATCHLIST,is_ascending_triangle_breakout,CAUTION,NEUTRAL,54.8,TARGET_HIT,1,7.336573130584731,7.036573130584731,1.0488379454434935,1,31895.0,6.708923109765415,2025-07-21,TRAILING_MA,17,8.206615456968176,7.906615456968177,1.1785222945034826,2025-06-27,34940.0,False,0.8700423263834454
JIOFIN.NS,2025-06-26,2025-06-27,ALERT_WATCHLIST,ALERT_WATCHLIST,is_ascending_triangle_breakout,CAUTION,NEUTRAL,40.0,TARGET_HIT,1,6.781059231149979,6.481059231149979,0.8805806454110285,1,303.05,7.359983739053015,2025-07-17,TRAILING_MA,15,6.871803332783365,6.571803332783365,0.8929100342861542,2025-07-01,329.6,False,0.09074410163338609
AAVAS.NS,2025-06-26,2025-06-30,ALERT_WATCHLIST,ALERT_WATCHLIST,is_ascending_triangle_breakout,CAUTION,NEUTRAL,51.4,TARGET_HIT,2,8.809393915776903,8.509393915776903,1.08728370435049,1,1924.65,7.826286627610367,2025-07-07,TRAILING_MA,7,3.2759202971968904,2.9759202971968906,0.3802467809827125,2025-06-30,2092.5,False,-5.533473618580012
LLOYDSENGG.NS,2025-07-03,2025-07-04,EXECUTE,EXECUTE,is_ascending_triangle_breakout,CAUTION,NEUTRAL,48.6,TARGET_HIT,1,24.072612470402515,23.772612470402514,1.7775966918844381,1,63.35,13.373456745804956,2025-07-24,TRAILING_MA,15,22.707182320441987,22.407182320441986,1.6754966757170517,2025-07-04,80.44,False,-1.3654301499605275
APOLLOHOSP.NS,2025-07-03,2025-07-04,ALERT_WATCHLIST,ALERT_WATCHLIST,is_ascending_triangle_breakout,CAUTION,NEUTRAL,58.0,TARGET_HIT,1,5.0376862401402285,4.737686240140229,1.3329975984057447,1,7131.25,3.554159621747606,2025-09-01,TIME_STOP,40,8.536371603856267,8.236371603856266,2.3173893354306867,2025-08-13,7808.5,False,3.4986853637160378
KAJARIACER.NS,2025-07-03,2025-07-04,ALERT_WATCHLIST,ALERT_WATCHLIST,is_ascending_triangle_breakout,CAUTION,NEUTRAL,44.6,TARGET_HIT,1,6.543110805288727,6.243110805288727,0.936544025929005,1,1068.7,6.66611566828999,2025-07-25,TRAILING_MA,16,9.380555815476747,9.080555815476746,1.3621959574857054,2025-07-07,1167.4,False,2.837445010188019
MOTILALOFS.NS,2025-07-03,2025-09-01,ALERT_WATCHLIST,"ALERT_WATCHLIST,AVOID",is_flat_base_breakout,CAUTION,NEUTRAL,45.8,TIME_EXIT,40,-0.311734580271662,-0.611734580271662,-0.05894331995230319,8,898.2,10.37835297989113,2025-09-01,TIME_STOP,40,-0.311734580271662,-0.611734580271662,-0.05894331995230319,,,True,0.0
UPL.NS,2025-07-03,2025-07-04,ALERT_WATCHLIST,ALERT_WATCHLIST,is_ascending_triangle_breakout,CAUTION,NEUTRAL,69.8,TARGET_HIT,1,5.280098091807807,4.9800980918078075,0.9891736087198153,1,652.45,5.034604692146035,2025-08-01,TRAILING_MA,21,5.670932638516352,5.3709326385163525,1.0668032481070437,2025-07-21,713.75,False,0.390834546708545
ASTERDM.NS,2025-07-03,2025-09-01,ALERT_WATCHLIST,"ALERT_WATCHLIST,AVOID",is_ascending_triangle_breakout,CAUTION,NEUTRAL,49.0,TIME_EXIT,40,2.1003795866722976,1.8003795866722976,0.19799761220227233,8,592.75,9.092935852342746,2025-09-01,TIME_STOP,40,2.1003795866722976,1.8003795866722976,0.19799761220227233,,,True,0.0
DCMSHRIRAM.NS,2025-07-03,2025-07-04,EXECUTE,EXECUTE,is_vcp_breakout,CAUTION,NEUTRAL,48.0,TARGET_HIT,1,18.91665970074396,18.61665970074396,3.810883440555566,1,1196.3,4.885129653304208,2025-08-01,TRAILING_MA,21,14.080916158154313,13.780916158154312,2.8209929185468323,2025-07-04,1355.2,False,-4.835743542589647
GALLANTT.NS,2025-07-10,2025-07-30,ALERT_WATCHLIST,"ALERT_WATCHLIST,AVOID",is_vcp_breakout,FAVORABLE,NEUTRAL,59.4,TARGET_HIT,14,26.778604812186263,26.478604812186262,2.989056452601772,3,577.7,8.858516134460565,2025-08-14,TRAILING_MA,25,11.450579885753836,11.150579885753835,1.2587412741031085,2025-07-21,632.9,False,-15.328024926432427
ITCHOTELS.NS,2025-07-10,2025-09-08,ALERT_WATCHLIST,"ALERT_WATCHLIST,AVOID,MONITOR",is_ascending_triangle_breakout,FAVORABLE,WEAK,100.0,TIME_EXIT,40,6.324128164276872,6.024128164276872,0.8143159240606935,8,225.96,7.397777676060619,2025-07-29,TRAILING_MA,13,8.076650734643293,7.776650734643293,1.0512144423870315,2025-07-18,254.75,False,1.7525225703664207
GLENMARK.NS,2025-07-10,2025-07-11,ALERT_WATCHLIST,ALERT_WATCHLIST,is_ascending_triangle_breakout,FAVORABLE,NEUTRAL,46.8,TARGET_HIT,1,6.845360824742262,6.5453608247422626,0.9868621226267514,1,1455.0,6.632497767084565,2025-08-01,TRAILING_MA,16,46.01030927835052,45.71030927835052,6.891869531445515,2025-07-11,2181.1,False,39.16494845360826
UTIAMC.NS,2025-07-10,2025-09-08,EXECUTE,"AVOID,EXECUTE",is_ascending_triangle_breakout,FAVORABLE,NEUTRAL,45.0,TIME_EXIT,40,2.167917879577137,1.867917879577137,0.1995217767352045,8,1305.4,9.36197496905887,2025-07-25,TRAILING_MA,11,6.9672131147540926,6.667213114754093,0.7121588272548358,2025-07-15,1436.8,False,4.799295235176956
SCHNEIDER.NS,2025-07-17,2025-07-31,EXECUTE,"AVOID,EXECUTE",is_ascending_triangle_breakout,CAUTION,NEUTRAL,51.4,TARGET_HIT,10,18.64903673567069,18.34903673567069,3.4421823406666667,2,835.7,5.330640541290131,2025-08-08,TRAILING_MA,16,10.177097044393916,9.877097044393915,1.8528912178354167,2025-07-18,906.8,False,-8.471939691276775
SBIN.NS,2025-07-17,2025-08-04,ALERT_WATCHLIST,"ALERT_WATCHLIST,AVOID",is_ascending_triangle_breakout,CAUTION,NEUTRAL,46.4,STOP_HIT,12,-4.041518192784363,-4.3415181927843625,-1.0742295310053567,3,824.7,4.041518192784363,2025-08-04,HARD_STOP,12,-4.041518192784363,-4.3415181927843625,-1.0742295310053567,,,True,0.0
CHOICEIN.NS,2025-07-17,2025-07-22,ALERT_WATCHLIST,ALERT_WATCHLIST,is_ascending_triangle_breakout,CAUTION,NEUTRAL,59.2,TARGET_HIT,3,6.903622693096377,6.603622693096377,1.007768490584598,1,731.5,6.552717965279577,2025-09-03,TRAILING_MA,32,8.414217361585784,8.114217361585784,1.2382979710984072,2025-08-13,802.5,False,1.5105946684894063
VIJAYA.NS,2025-07-24,2025-09-22,EXECUTE,"AVOID,EXECUTE,MONITOR",is_flat_base_breakout,CAUTION,NEUTRAL,42.6,TIME_EXIT,40,-0.5871768159863666,-0.8871768159863667,-0.12069000998717348,8,1055.9,7.3508720073902785,2025-08-06,TRAILING_MA,9,3.8616346244909425,3.5616346244909427,0.4845186558697002,2025-07-28,1141.35,False,4.448811440477309
SCHNEIDER.NS,2025-07-31,2025-08-01,ALERT_WATCHLIST,ALERT_WATCHLIST,is_ascending_triangle_breakout,UNFAVORABLE,NEUTRAL,54.2,TARGET_HIT,1,18.64903673567069,18.34903673567069,3.316161935488677,1,835.7,5.533214931184214,2025-08-08,TRAILING_MA,6,15.831039846834983,15.531039846834982,2.8068744915916435,2025-08-01,1001.3,False,-2.817996888835708
ATHERENERG.NS,2025-08-05,2025-08-06,ALERT_WATCHLIST,ALERT_WATCHLIST,is_ascending_triangle_breakout,UNFAVORABLE,NEUTRAL,100.0,TARGET_HIT,1,9.477836171630328,9.177836171630327,1.2432397108484272,1,350.95,7.382193547668352,2025-09-26,TRAILING_MA,36,31.835019233509044,31.535019233509043,4.271768144506223,2025-08-06,385.45,False,22.357183061878715
ASIANPAINT.NS,2025-08-07,2025-09-26,ALERT_WATCHLIST,"ALERT_WATCHLIST,AVOID,MONITOR",is_cup_handle_breakout,UNFAVORABLE,NEUTRAL,41.2,STOP_HIT,34,-5.908095231941823,-6.208095231941823,-1.0507777867861818,7,2505.6,5.908095231941823,2025-09-26,HARD_STOP,34,-5.9080952319418225,-6.208095231941822,-1.0507777867861818,,,True,8.881784197001252e-16
HEROMOTOCO.NS,2025-08-07,2025-08-08,ALERT_WATCHLIST,ALERT_WATCHLIST,is_ascending_triangle_breakout,UNFAVORABLE,NEUTRAL,42.2,TARGET_HIT,1,5.403727409213549,5.103727409213549,0.8629351809984406,1,4429.35,5.914380965796749,2025-09-24,TRAILING_MA,32,15.829636402632431,15.52963640263243,2.625741644381945,2025-08-18,4984.0,False,10.425908993418881
AVALON.NS,2025-08-07,2025-09-11,ALERT_WATCHLIST,"ALERT_WATCHLIST,AVOID",is_ascending_triangle_breakout,UNFAVORABLE,NEUTRAL,74.2,TARGET_HIT,23,11.24391072844681,10.94391072844681,0.9543383161638268,5,882.7,11.467537814512436,2025-10-07,TIME_STOP,40,25.390846267134922,25.09084626713492,2.1879889713885983,2025-09-10,960.85,False,14.146935538688112
EIHOTEL.NS,2025-08-14,2025-10-14,ALERT_WATCHLIST,"ALERT_WATCHLIST,AVOID",is_ascending_triangle_breakout,UNFAVORABLE,NEUTRAL,56.6,TIME_EXIT,40,-3.0034655371582426,-3.3034655371582424,-0.3113742297343238,8,389.55,10.609309383043302,2025-10-14,TIME_STOP,40,-3.0034655371582564,-3.303465537158256,-0.3113742297343251,,,True,-1.3766765505351941e-14
SWIGGY.NS,2025-08-20,2025-09-19,ALERT_WATCHLIST,"ALERT_WATCHLIST,AVOID",is_ascending_triangle_breakout,UNFAVORABLE,NEUTRAL,100.0,TARGET_HIT,21,9.704240408599588,9.404240408599588,0.9216259143892319,5,420.95,10.20396699113202,2025-09-25,TRAILING_MA,25,5.065922318565154,4.7659223185651545,0.46706563464063366,2025-09-19,458.45,False,-4.638318090034433
INDIACEM.NS,2025-08-22,2025-10-21,EXECUTE,"AVOID,EXECUTE",is_ascending_triangle_breakout,UNFAVORABLE,WEAK,69.4,TIME_EXIT,40,4.061251664447404,3.7612516644474043,0.51948542035736,8,375.5,7.24034114732228,2025-09-22,TRAILING_MA,20,6.171770972037287,5.871770972037287,0.8109798768541264,2025-09-17,406.35,False,2.1105193075898825
JKCEMENT.NS,2025-08-22,2025-09-01,ALERT_WATCHLIST,ALERT_WATCHLIST,is_ascending_triangle_breakout,UNFAVORABLE,WEAK,49.0,TARGET_HIT,5,7.459264899607245,7.159264899607245,1.7950145920291856,1,6601.75,3.988415989150266,2025-09-26,HARD_STOP,24,-3.988415989150266,-4.288415989150266,-1.0752178310427232,,,True,-11.44768088875751
ACMESOLAR.NS,2025-09-11,2025-09-25,ALERT_WATCHLIST,"ALERT_WATCHLIST,AVOID",is_ascending_triangle_breakout,CAUTION,WEAK,100.0,STOP_HIT,10,-10.229750251798666,-10.529750251798667,-1.029326229146919,2,306.77,10.229750251798666,2025-09-25,HARD_STOP,10,-10.229750251798666,-10.529750251798667,-1.029326229146919,,,True,0.0
HINDZINC.NS,2025-09-15,2025-10-01,ALERT_WATCHLIST,"ALERT_WATCHLIST,AVOID",is_ascending_triangle_breakout,CAUTION,WEAK,44.4,TARGET_HIT,12,7.998665035042827,7.698665035042827,1.1402521361251055,3,449.45,6.751721650971895,2025-10-21,TRAILING_MA,25,8.504839247969747,8.204839247969746,1.215221786696239,2025-10-03,491.5,False,0.5061742129269184
AWL.NS,2025-09-22,2025-09-24,EXECUTE,EXECUTE,is_ascending_triangle_breakout,CAUTION,NEUTRAL,47.8,STOP_HIT,2,-5.100350385748902,-5.400350385748902,-1.0588194883312805,1,267.29999999999995,5.100350385748902,2025-09-24,HARD_STOP,2,-5.100350385748902,-5.400350385748902,-1.0588194883312805,,,True,0.0
ADANIGREEN.NS,2025-09-22,2025-09-23,EXECUTE,EXECUTE,is_vcp_breakout,CAUTION,WEAK,43.2,TARGET_HIT,1,9.500676115590728,9.200676115590728,2.6357704770724975,1,998.35,3.490697007051142,2025-10-14,TRAILING_MA,15,8.56162668402865,8.261626684028649,2.3667555984779884,2025-09-23,1131.45,False,-0.9390494315620792
ACC.NS,2025-09-22,2025-11-20,ALERT_WATCHLIST,"ALERT_WATCHLIST,AVOID",is_ascending_triangle_breakout,CAUTION,WEAK,44.0,TIME_EXIT,40,-1.379640973738873,-1.679640973738873,-0.37130737203989433,8,1877.3,4.523586387502179,2025-11-20,TIME_STOP,40,-1.379640973738873,-1.679640973738873,-0.37130737203989433,,,True,0.0
USHAMART.NS,2025-09-22,2025-09-26,EXECUTE,EXECUTE,is_ascending_triangle_breakout,CAUTION,WEAK,47.4,TARGET_HIT,4,15.286947689182307,14.986947689182307,2.5258362950956808,1,393.8,5.933459630096332,2025-10-17,TRAILING_MA,18,14.023616048755713,13.723616048755712,2.312919764237598,2025-09-23,442.75,False,-1.2633316404265944
VIYASH.NS,2025-09-22,2025-09-23,EXECUTE,EXECUTE,is_ascending_triangle_breakout,CAUTION,NEUTRAL,46.4,TARGET_HIT,1,9.284865507183753,8.984865507183752,2.443079295843411,1,185.14,3.677680672285324,2025-09-29,TRAILING_MA,5,4.677541320082106,4.3775413200821065,1.190299460491736,2025-09-23,203.42,False,-4.6073241871016455
APLAPOLLO.NS,2025-09-29,2025-11-27,ALERT_WATCHLIST,"ALERT_WATCHLIST,AVOID",is_ascending_triangle_breakout,CAUTION,NEUTRAL,48.0,TIME_EXIT,40,2.447666007263282,2.147666007263282,0.35981703765265477,8,1693.45,5.968772410762012,2025-11-27,TIME_STOP,40,2.447666007263282,2.147666007263282,0.35981703765265477,,,True,0.0
BANKINDIA.NS,2025-10-07,2025-10-20,ALERT_WATCHLIST,"ALERT_WATCHLIST,MONITOR",is_ascending_triangle_breakout,CAUTION,NEUTRAL,70.0,TARGET_HIT,9,7.886461783573018,7.586461783573018,2.2879931850136197,2,119.255,3.3157711453270164,2025-12-02,TRAILING_MA,38,15.5087836987967,15.2087836987967,4.586801390147431,2025-10-20,129.77,False,7.622321915223681
HINDZINC.NS,2025-10-14,2025-10-15,EXECUTE,EXECUTE,is_ascending_triangle_breakout,CAUTION,NEUTRAL,43.8,TARGET_HIT,1,6.416997410871435,6.116997410871435,1.6049546821676022,1,459.425,3.8113209543150512,2025-10-21,TRAILING_MA,5,8.510638297872346,8.210638297872345,2.154276272266321,2025-10-15,513.2,False,2.09364088700091
CEATLTD.NS,2025-10-21,2025-10-23,EXECUTE,EXECUTE,is_ascending_triangle_breakout,CAUTION,NEUTRAL,53.2,TARGET_HIT,1,7.752140280837107,7.452140280837107,1.2146842779940472,1,3522.05,6.135043003226907,2025-11-13,TRAILING_MA,15,17.939836174954916,17.639836174954915,2.8752587660227844,2025-10-23,4302.7,False,10.187695894117809
IOC.NS,2025-10-29,2025-11-10,ALERT_WATCHLIST,"ALERT_WATCHLIST,MONITOR",is_ascending_triangle_breakout,CAUTION,NEUTRAL,60.6,TARGET_HIT,7,11.14439199088392,10.844391990883919,1.6346835318199422,2,153.575,6.633939707467739,2025-11-24,TRAILING_MA,17,7.957024255249887,7.657024255249887,1.1542197537054,2025-10-31,165.9,False,-3.187367735634032
SHRIRAMFIN.NS,2025-10-29,2025-10-30,ALERT_WATCHLIST,ALERT_WATCHLIST,is_ascending_triangle_breakout,CAUTION,NEUTRAL,61.6,TARGET_HIT,1,13.74191092500952,13.44191092500952,1.9044065519558717,1,656.75,7.05832003739136,2025-12-03,TRAILING_MA,24,19.250095165588128,18.950095165588127,2.6847883158032277,2025-10-30,738.25,False,5.508184240578608
SBIN.NS,2025-10-29,2025-10-30,ALERT_WATCHLIST,ALERT_WATCHLIST,is_vcp_breakout,CAUTION,NEUTRAL,70.6,TARGET_HIT,1,3.3400920957290205,3.0400920957290207,1.1377276466479702,1,893.0,2.672073676583224,2025-12-02,TRAILING_MA,23,8.351063829787233,8.051063829787232,3.0130396105253032,2025-11-14,967.85,False,5.010971734058211
RADICO.NS,2025-10-29,2025-10-30,ALERT_WATCHLIST,ALERT_WATCHLIST,is_ascending_triangle_breakout,CAUTION,WEAK,58.4,TARGET_HIT,1,5.756795879365892,5.456795879365893,1.151494502390303,1,3008.0,4.738881399814355,2025-11-13,TRAILING_MA,10,8.011968085106384,7.711968085106384,1.6273815346821086,2025-11-07,3310.9,False,2.2551722057404913
HINDALCO.NS,2025-11-06,2025-12-04,ALERT_WATCHLIST,"ALERT_WATCHLIST,AVOID",is_ascending_triangle_breakout,CAUTION,NEUTRAL,49.6,TARGET_HIT,20,5.797940797940792,5.497940797940792,1.5614874904706968,4,777.0,3.520963716643984,2026-01-02,TIME_STOP,40,14.401544401544406,14.101544401544405,4.005024060567522,2025-12-12,852.1,False,8.603603603603613
CUB.NS,2025-11-06,2025-11-07,EXECUTE,EXECUTE,is_ascending_triangle_breakout,CAUTION,NEUTRAL,58.2,TARGET_HIT,1,12.304554724677091,12.00455472467709,2.3315348289035627,1,220.65,5.148777781853854,2025-12-08,TRAILING_MA,22,17.906186267844994,17.606186267844993,3.4194884715933034,2025-11-07,255.42,False,5.601631543167903
SBIN.NS,2025-11-06,2025-11-07,ALERT_WATCHLIST,ALERT_WATCHLIST,is_vcp_breakout,CAUTION,NEUTRAL,71.4,TARGET_HIT,1,3.4616546438951854,3.1616546438951856,1.1416703026220896,1,893.0,2.769323715116151,2025-12-02,TRAILING_MA,18,8.351063829787233,8.051063829787232,2.907231027503606,2025-11-14,967.85,False,4.889409185892046
VIYASH.NS,2025-11-13,2025-11-18,EXECUTE,EXECUTE,is_ascending_triangle_breakout,CAUTION,WEAK,77.6,TARGET_HIT,3,14.630341134008612,14.330341134008611,1.445845857832209,1,214.725,9.91138927872604,2025-11-24,TRAILING_MA,7,9.337524740947728,9.037524740947728,0.9118322857468641,2025-11-18,247.56,False,-5.292816393060884
ASHOKLEY.NS,2025-11-13,2025-11-14,EXECUTE,EXECUTE,is_ascending_triangle_breakout,CAUTION,NEUTRAL,63.2,TARGET_HIT,1,5.1267847637678186,4.826784763767819,1.6456646340536323,1,141.35,2.933030621116522,2026-01-09,TIME_STOP,40,22.925362575168023,22.625362575168023,7.713987850067241,2025-11-27,159.75,False,17.798577811400204
AUROPHARMA.NS,2025-11-13,2025-11-14,ALERT_WATCHLIST,ALERT_WATCHLIST,is_ascending_triangle_breakout,CAUTION,WEAK,61.0,TARGET_HIT,1,6.494872469103351,6.194872469103351,1.0431376406688073,1,1140.9,5.938691336199421,2025-12-08,TRAILING_MA,17,5.806819177842054,5.506819177842054,0.9272782278269153,2025-11-17,1236.9,False,-0.6880532912612969
AIAENG.NS,2025-11-13,2025-11-20,EXECUTE,EXECUTE,is_ascending_triangle_breakout,CAUTION,NEUTRAL,47.4,TARGET_HIT,5,11.672109924382848,11.372109924382848,1.4596702581527692,1,3398.7,7.790875960420262,2025-12-08,TRAILING_MA,17,8.16635772501251,7.86635772501251,1.0096884823960381,2025-11-14,3693.0,False,-3.5057521993703373
ELGIEQUIP.NS,2025-11-20,2025-12-18,ALERT_WATCHLIST,"ALERT_WATCHLIST,AVOID",is_ascending_triangle_breakout,CAUTION,NEUTRAL,50.8,STOP_HIT,20,-7.9701604459437,-8.2701604459437,-1.0376403965810603,4,506.45,7.9701604459437,2025-12-18,HARD_STOP,20,-7.9701604459437,-8.2701604459437,-1.0376403965810603,,,True,0.0
BIOCON.NS,2025-11-20,2025-12-03,ALERT_WATCHLIST,"ALERT_WATCHLIST,AVOID",is_ascending_triangle_breakout,CAUTION,NEUTRAL,44.6,TARGET_HIT,9,9.474249647485404,9.174249647485404,1.0619995791439707,2,372.3250000000001,8.638656575438898,2025-12-04,TRAILING_MA,10,7.211441616866957,6.9114416168669575,0.8000597727796366,2025-12-03,410.0,False,-2.262808030618446
SANSERA.NS,2025-11-27,2026-01-02,EXECUTE,"AVOID,EXECUTE",is_ascending_triangle_breakout,CAUTION,NEUTRAL,67.6,TARGET_HIT,25,14.777448071216616,14.477448071216616,1.6225332294162056,5,1600.75,8.922743650942461,2025-12-08,TRAILING_MA,7,5.528658441355614,5.2286584413556145,0.5859922290609951,2025-11-28,1749.1,False,-9.248789629861001
COFORGE.NS,2025-12-04,2025-12-26,EXECUTE,"AVOID,EXECUTE",is_ascending_triangle_breakout,CAUTION,NEUTRAL,46.2,STOP_HIT,15,-7.139979907342352,-7.439979907342352,-1.0420169249624214,3,1848.3,7.139979907342352,2025-12-26,HARD_STOP,15,-7.139979907342352,-7.439979907342352,-1.0420169249624214,,,True,0.0
VIJAYA.NS,2025-12-04,2025-12-15,ALERT_WATCHLIST,"ALERT_WATCHLIST,AVOID",is_ascending_triangle_breakout,CAUTION,NEUTRAL,41.0,STOP_HIT,7,-7.662179578468191,-7.962179578468191,-1.0391533501567938,2,1054.75,7.662179578468191,2025-12-15,HARD_STOP,7,-7.662179578468191,-7.962179578468191,-1.0391533501567938,,,True,0.0
TCS.NS,2025-12-04,2025-12-05,ALERT_WATCHLIST,ALERT_WATCHLIST,is_ascending_triangle_breakout,CAUTION,NEUTRAL,62.6,TARGET_HIT,1,4.568741893644621,4.268741893644621,0.9745493796626964,1,3084.0,4.380221241454266,2026-02-02,TIME_STOP,40,2.7756160830090764,2.4756160830090765,0.5651806031119911,,,True,-1.7931258106355443
BSOFT.NS,2025-12-04,2026-02-02,ALERT_WATCHLIST,"ALERT_WATCHLIST,AVOID",is_ascending_triangle_breakout,CAUTION,NEUTRAL,42.0,TIME_EXIT,40,5.924082140634726,5.624082140634727,0.5840689085328384,8,401.75,9.629141456548735,2025-12-30,TRAILING_MA,17,6.826384567517116,6.526384567517116,0.6777742955555557,2025-12-15,434.75,False,0.9023024268823896
LTTS.NS,2025-12-04,2025-12-05,ALERT_WATCHLIST,ALERT_WATCHLIST,is_ascending_triangle_breakout,CAUTION,NEUTRAL,42.6,TARGET_HIT,1,7.716134361233464,7.416134361233464,0.9683670465818932,1,4358.4,7.658391915968914,2026-01-16,HARD_STOP,29,-7.658391915968914,-7.958391915968914,-1.0391727144930327,,,True,-15.374526277202378
SHRIRAMFIN.NS,2025-12-18,2026-02-16,ALERT_WATCHLIST,"ALERT_WATCHLIST,AVOID",is_ascending_triangle_breakout,CAUTION,NEUTRAL,52.0,TIME_EXIT,40,26.89913190892351,26.59913190892351,5.351609980801207,8,855.325,4.970304638108412,2026-01-21,TRAILING_MA,22,12.287726887440442,11.987726887440441,2.411869645882049,2025-12-22,934.85,False,-14.611405021483069
SUNDARMFIN.NS,2025-12-26,2025-12-29,ALERT_WATCHLIST,ALERT_WATCHLIST,is_ascending_triangle_breakout,CAUTION,WEAK,44.0,TARGET_HIT,1,5.631758298518495,5.331758298518495,0.8834582939788771,1,4839.5,6.035099036204163,2026-01-14,TRAILING_MA,13,6.528567000723211,6.228567000723211,1.032057131682255,2025-12-29,5259.4,False,0.8968087022047158
AJANTPHARM.NS,2026-01-02,2026-01-05,EXECUTE,EXECUTE,is_ascending_triangle_breakout,UNFAVORABLE,WEAK,45.8,TARGET_HIT,1,7.914156626506018,7.614156626506018,1.5525570057510052,1,2656.0,4.9042686344537065,2026-01-12,TRAILING_MA,6,6.21799698795181,5.917996987951811,1.2067032679197893,2026-01-05,2912.8,False,-1.6961596385542075
TVSMOTOR.NS,2026-01-02,2026-01-05,ALERT_WATCHLIST,ALERT_WATCHLIST,is_ascending_triangle_breakout,UNFAVORABLE,WEAK,48.0,TARGET_HIT,1,4.528367982107494,4.228367982107494,0.934246022664801,1,3711.05,4.525968406102163,2026-01-21,HARD_STOP,12,-4.525968406102163,-4.825968406102163,-1.066284156910049,,,True,-9.054336388209657
HINDPETRO.NS,2026-01-02,2026-01-05,ALERT_WATCHLIST,ALERT_WATCHLIST,is_vcp_breakout,UNFAVORABLE,WEAK,67.2,TARGET_HIT,1,5.292333437924905,4.992333437924906,1.5168652657716046,1,478.05,3.291217453901805,2026-01-08,HARD_STOP,4,-3.2912174539018055,-3.5912174539018054,-1.0911516799488117,,,True,-8.583550891826711
INDUSTOWER.NS,2026-01-02,2026-01-05,ALERT_WATCHLIST,ALERT_WATCHLIST,is_ascending_triangle_breakout,UNFAVORABLE,WEAK,63.6,TARGET_HIT,1,5.436928045935767,5.136928045935767,0.8844263672615568,1,417.975,5.808203188063244,2026-02-27,TRAILING_MA,39,8.989772115557141,8.68977211555714,1.4961205443735106,2026-02-09,456.15,False,3.552844069621373
SAILIFE.NS,2026-01-05,2026-01-19,ALERT_WATCHLIST,"ALERT_WATCHLIST,MONITOR",is_ascending_triangle_breakout,UNFAVORABLE,WEAK,56.4,STOP_HIT,9,-6.611816633862524,-6.911816633862524,-1.0453733091240833,2,919.7,6.611816633862524,2026-01-19,HARD_STOP,9,-6.6118166338625235,-6.911816633862523,-1.045373309124083,,,True,8.881784197001252e-16
INDUSTOWER.NS,2026-01-09,2026-01-12,EXECUTE,EXECUTE,is_ascending_triangle_breakout,CAUTION,WEAK,58.6,TARGET_HIT,1,5.5906077038430535,5.290607703843054,1.8926771414156724,1,417.975,2.7953038519215267,2026-01-21,HARD_STOP,7,-2.7953038519215267,-3.0953038519215266,-1.1073228585843276,,,True,-8.38591155576458
IFCI.NS,2026-01-19,2026-01-20,EXECUTE,EXECUTE,is_ascending_triangle_breakout,CAUTION,NEUTRAL,46.8,TARGET_HIT,1,14.05465699944228,13.754656999442279,1.3018545624104025,1,53.79,10.565432880594075,2026-01-30,TRAILING_MA,8,5.642312697527428,5.342312697527428,0.5056406829614954,2026-01-21,58.56,False,-8.41234430191485
PNB.NS,2026-01-19,2026-02-02,ALERT_WATCHLIST,"ALERT_WATCHLIST,AVOID",is_ascending_triangle_breakout,CAUTION,NEUTRAL,72.0,STOP_HIT,10,-7.634973650453375,-7.934973650453375,-1.039292866450454,2,128.02,7.634973650453375,2026-02-02,HARD_STOP,10,-7.634973650453375,-7.934973650453375,-1.039292866450454,,,True,0.0
BANKINDIA.NS,2026-01-19,2026-02-24,ALERT_WATCHLIST,"ALERT_WATCHLIST,AVOID,MONITOR",is_flat_base_breakout,CAUTION,NEUTRAL,62.2,TARGET_HIT,26,12.35562888691458,12.05562888691458,1.5125401792310869,6,157.58,7.970451993574917,2026-03-04,TRAILING_MA,31,5.8509963193298535,5.550996319329854,0.6964468669787589,2026-02-17,170.21,False,-6.504632567584726
FEDERALBNK.NS,2026-01-19,2026-02-03,ALERT_WATCHLIST,"ALERT_WATCHLIST,AVOID",is_flat_base_breakout,CAUTION,NEUTRAL,71.8,TARGET_HIT,11,6.651655579815319,6.351655579815319,0.7957487054162438,3,278.4,7.98198669577837,2026-03-17,HARD_STOP,40,-7.98198669577837,-8.28198669577837,-1.0375846279170908,,,True,-14.63364227559369
AXISBANK.NS,2026-01-19,2026-01-30,ALERT_WATCHLIST,ALERT_WATCHLIST,is_ascending_triangle_breakout,CAUTION,NEUTRAL,85.8,TARGET_HIT,8,6.233626136538748,5.933626136538749,1.1481648478471562,2,1297.8,5.167921790729333,2026-03-04,TRAILING_MA,31,6.114193250115582,5.814193250115582,1.1250544194661742,2026-02-25,1403.0,False,-0.11943288642316663
KARURVYSYA.NS,2026-01-27,2026-02-03,ALERT_WATCHLIST,"ALERT_WATCHLIST,AVOID",is_flat_base_breakout,CAUTION,NEUTRAL,46.2,TARGET_HIT,6,12.390800499197718,12.090800499197718,1.052527734783414,2,280.45,11.487393728095654,2026-03-02,TRAILING_MA,25,10.527723301836337,10.227723301836336,0.8903432357177382,2026-02-03,304.65,False,-1.863077197361381
VEDL.NS,2026-02-02,2026-02-03,ALERT_WATCHLIST,ALERT_WATCHLIST,is_ascending_triangle_breakout,CAUTION,NEUTRAL,54.0,TARGET_HIT,1,13.567733571152573,13.267733571152572,1.2223608959423171,1,189.288181876939,10.85418685692206,2026-02-05,TRAILING_MA,3,23.398238293926738,23.098238293926737,2.1280487058499693,2026-02-03,237.16747350051705,False,9.830504722774165
MRPL.NS,2026-02-02,2026-02-04,ALERT_WATCHLIST,ALERT_WATCHLIST,is_ascending_triangle_breakout,CAUTION,NEUTRAL,73.4,TARGET_HIT,2,15.64651162790697,15.346511627906969,0.9647832974263423,1,161.25,15.906692900722216,2026-03-02,TRAILING_MA,20,14.049612403100777,13.749612403100777,0.8643916424938649,2026-02-03,179.3,False,-1.596899224806192
HONASA.NS,2026-02-16,2026-03-16,ALERT_WATCHLIST,"ALERT_WATCHLIST,AVOID",is_ascending_triangle_breakout,UNFAVORABLE,WEAK,62.2,STOP_HIT,19,-11.18598963633064,-11.485989636330642,-1.026819263181296,4,301.0,11.18598963633064,2026-03-16,HARD_STOP,19,-11.185989636330639,-11.48598963633064,-1.0268192631812958,,,True,1.7763568394002505e-15
ONGC.NS,2026-03-02,2026-03-16,ALERT_WATCHLIST,"ALERT_WATCHLIST,AVOID",is_ascending_triangle_breakout,CAUTION,STRONG,56.6,STOP_HIT,9,-6.605912347205045,-6.905912347205045,-1.0454138632534127,2,279.035,6.605912347205045,2026-03-16,HARD_STOP,9,-6.605912347205043,-6.905912347205043,-1.0454138632534122,,,True,1.7763568394002505e-15
AVALON.NS,2026-04-10,2026-04-13,ALERT_WATCHLIST,ALERT_WATCHLIST,is_vcp_breakout,UNFAVORABLE,WEAK,43.4,TARGET_HIT,1,10.247842100861703,9.947842100861703,1.2592589147675375,1,974.5,7.899759123562052,2026-06-10,TIME_STOP,40,33.3786557208825,33.0786557208825,4.187299283875776,2026-04-15,1067.05,False,23.1308136200208
ADANIPOWER.NS,2026-04-20,2026-04-21,EXECUTE,EXECUTE,is_ascending_triangle_breakout,UNFAVORABLE,WEAK,48.4,TARGET_HIT,1,16.841636444614128,16.541636444614127,1.8064913749093297,1,157.17000000000002,9.156775766750824,2026-05-12,TRAILING_MA,15,31.262327416173555,30.962327416173554,3.3813569541148847,2026-04-21,202.98,False,14.420690971559427
ENRIN.NS,2026-04-20,2026-05-27,ALERT_WATCHLIST,"ALERT_WATCHLIST,AVOID,MONITOR",is_ascending_triangle_breakout,UNFAVORABLE,WEAK,100.0,TARGET_HIT,26,28.19067667130683,27.890676671306828,2.5077379747437383,6,2945.3,11.121846441774656,2026-05-12,TRAILING_MA,15,6.335517604318734,6.035517604318734,0.5426722654296671,2026-04-21,3208.2,False,-21.855159066988094
NLCINDIA.NS,2026-04-20,2026-04-28,EXECUTE,EXECUTE,is_ascending_triangle_breakout,UNFAVORABLE,WEAK,45.8,TARGET_HIT,6,15.819511325129309,15.519511325129308,1.317434118877772,2,280.35,11.780104297245064,2026-05-12,TRAILING_MA,15,10.923845193508114,10.623845193508114,0.9018464459599601,2026-04-27,313.85,False,-4.895666131621194
CESC.NS,2026-04-20,2026-04-21,ALERT_WATCHLIST,ALERT_WATCHLIST,is_ascending_triangle_breakout,UNFAVORABLE,WEAK,42.0,TARGET_HIT,1,10.18103000885306,9.88103000885306,0.9575341051907763,1,163.785,10.319246025063924,2026-05-12,TRAILING_MA,15,9.704795921482438,9.404795921482437,0.9113840195920881,2026-04-21,178.86,False,-0.47623408737062256
CESC.NS,2026-04-27,2026-04-28,ALERT_WATCHLIST,ALERT_WATCHLIST,is_ascending_triangle_breakout,UNFAVORABLE,WEAK,43.2,TARGET_HIT,1,10.18103000885306,9.88103000885306,0.9295032348444854,1,163.785,10.6304417654945,2026-05-12,TRAILING_MA,10,13.493299142168091,13.19329914216809,1.241086629625535,2026-04-28,191.27,False,3.3122691333150307
SYRMA.NS,2026-05-05,2026-06-15,ALERT_WATCHLIST,"ALERT_WATCHLIST,AVOID",is_bull_flag_breakout,UNFAVORABLE,NEUTRAL,44.4,TARGET_HIT,28,25.852713178294568,25.552713178294567,2.741544938943114,6,1032.0,9.320552370060849,2026-07-02,TIME_STOP,40,24.278100775193792,23.97810077519379,2.5726051228696925,2026-06-02,1166.8,False,-1.574612403100776
CESC.NS,2026-05-05,2026-05-18,EXECUTE,"AVOID,EXECUTE",is_vcp_breakout,UNFAVORABLE,WEAK,63.6,STOP_HIT,9,-4.066205209793805,-4.366205209793804,-1.073778863712393,2,182.97,4.066205209793805,2026-05-18,HARD_STOP,9,-4.066205209793805,-4.366205209793804,-1.073778863712393,,,True,0.0
EMCURE.NS,2026-05-05,2026-06-25,ALERT_WATCHLIST,"ALERT_WATCHLIST,AVOID,MONITOR",is_ascending_triangle_breakout,UNFAVORABLE,WEAK,56.8,TARGET_HIT,36,13.268646943270438,12.968646943270437,1.0710807895868333,8,1679.9,12.108000693648012,2026-07-02,TIME_STOP,40,9.324959819036838,9.024959819036837,0.7453715974571614,2026-06-23,1816.6,False,-3.9436871242336
INTELLECT.NS,2026-05-05,2026-05-07,ALERT_WATCHLIST,ALERT_WATCHLIST,is_ascending_triangle_breakout,UNFAVORABLE,NEUTRAL,63.0,TARGET_HIT,2,10.684835779175408,10.384835779175408,1.1850919357768313,1,715.5,8.762894646117154,2026-05-12,TRAILING_MA,5,5.377358490566033,5.077358490566033,0.5794156720594393,2026-05-06,784.4,False,-5.307477288609374
NIVABUPA.NS,2026-05-11,2026-07-08,EXECUTE,"AVOID,EXECUTE",is_flat_base_breakout,CAUTION,NEUTRAL,41.4,TIME_EXIT,40,3.699633699633701,3.3996336996337013,0.44564799299725893,8,81.9,7.628517917850494,2026-07-08,TIME_STOP,40,3.699633699633701,3.3996336996337013,0.44564799299725893,,,True,0.0
BIOCON.NS,2026-05-12,2026-07-09,EXECUTE,"AVOID,EXECUTE",is_ascending_triangle_breakout,CAUTION,WEAK,57.6,TIME_EXIT,40,0.4043042856254276,0.1043042856254276,0.011770076479685183,8,401.925,8.861818851003544,2026-06-03,TRAILING_MA,15,5.566959009765497,5.266959009765497,0.5943428881046295,2026-05-26,436.15,False,5.1626547241400695
JBMA.NS,2026-05-12,2026-07-09,EXECUTE,"AVOID,EXECUTE",is_ascending_triangle_breakout,CAUTION,NEUTRAL,56.8,TIME_EXIT,40,3.0808877264510137,2.780887726451014,0.3576192013184043,8,649.975,7.776114135367877,2026-07-06,TRAILING_MA,37,7.615677526058694,7.315677526058694,0.9407883421855922,2026-06-18,706.5,False,4.5347897996076805
GLAND.NS,2026-05-19,2026-05-20,EXECUTE,EXECUTE,is_ascending_triangle_breakout,CAUTION,WEAK,46.8,TARGET_HIT,1,13.108779679734958,12.808779679734958,1.7870528878803178,1,1811.0,7.167543706514401,2026-06-15,TRAILING_MA,18,22.443401435670904,22.143401435670903,3.0893988711286573,2026-05-20,2221.8,False,9.334621755935945
POLICYBZR.NS,2026-05-19,2026-06-03,EXECUTE,"AVOID,EXECUTE",is_ascending_triangle_breakout,CAUTION,NEUTRAL,60.2,STOP_HIT,10,-10.244789473264431,-10.544789473264432,-1.0292831786131773,2,1731.8,10.244789473264431,2026-06-03,HARD_STOP,10,-10.244789473264444,-10.544789473264444,-1.0292831786131784,,,True,-1.2434497875801753e-14
ZYDUSLIFE.NS,2026-05-19,2026-05-20,EXECUTE,EXECUTE,is_ascending_triangle_breakout,CAUTION,WEAK,52.6,TARGET_HIT,1,10.97021684692845,10.670216846928449,1.8186734647541731,1,938.45,5.8670327872028,2026-06-17,TRAILING_MA,20,12.006500079919011,11.70650007991901,1.9953016293778492,2026-05-20,1040.85,False,1.0362832329905611
ATGL.NS,2026-05-26,2026-05-29,EXECUTE,EXECUTE,is_ascending_triangle_breakout,UNFAVORABLE,NEUTRAL,45.4,TARGET_HIT,2,24.69274580335731,24.39274580335731,1.8769558963672253,1,667.2,12.995907815718269,2026-06-17,TRAILING_MA,15,13.249400479616295,12.949400479616294,0.9964213861192732,2026-05-27,808.55,False,-11.443345323741017
J&KBANK.NS,2026-06-03,2026-06-18,ALERT_WATCHLIST,"ALERT_WATCHLIST,AVOID",is_flat_base_breakout,UNFAVORABLE,WEAK,56.6,TARGET_HIT,11,13.537931034482757,13.237931034482756,1.230914698182216,3,145.0,10.754547861059908,2026-06-30,TRAILING_MA,18,7.489655172413793,7.189655172413794,0.6685223093800264,2026-06-09,156.98,False,-6.048275862068962
NMDC.NS,2026-06-03,2026-06-23,ALERT_WATCHLIST,"ALERT_WATCHLIST,AVOID",is_ascending_triangle_breakout,UNFAVORABLE,NEUTRAL,44.0,STOP_HIT,14,-8.415674785453241,-8.715674785453242,-1.0356477653483664,3,93.51,8.415674785453241,2026-06-23,HARD_STOP,14,-8.415674785453241,-8.715674785453242,-1.0356477653483664,,,True,0.0
IFCI.NS,2026-06-03,2026-06-04,EXECUTE,EXECUTE,is_ascending_triangle_breakout,UNFAVORABLE,WEAK,48.8,TARGET_HIT,1,11.654654194142012,11.354654194142011,1.352319297749776,1,65.21000000000001,8.396429906040577,2026-06-25,TRAILING_MA,16,21.898481827940486,21.598481827940486,2.5723411104047997,2026-06-04,81.98,False,10.243827633798475
PTCIL.NS,2026-06-03,2026-07-24,EXECUTE,"AVOID,EXECUTE",is_ascending_triangle_breakout,UNFAVORABLE,NEUTRAL,44.6,TIME_EXIT,36,4.3150866252904665,4.015086625290467,0.45948604893361045,8,16998.5,8.738212258258558,2026-06-18,TRAILING_MA,11,6.209371415124864,5.909371415124864,0.676267781151673,2026-06-04,18688.0,False,1.8942847898343977
ASTERDM.NS,2026-06-10,2026-07-24,ALERT_WATCHLIST,"ALERT_WATCHLIST,AVOID,MONITOR",is_ascending_triangle_breakout,UNFAVORABLE,NEUTRAL,62.0,TIME_EXIT,31,1.600336232258899,1.300336232258899,0.1469735639371769,7,773.275,8.847415803393876,2026-07-24,TIME_STOP,31,1.600336232258899,1.300336232258899,0.1469735639371769,,,True,0.0
KEI.NS,2026-06-17,2026-07-08,ALERT_WATCHLIST,"ALERT_WATCHLIST,AVOID,MONITOR",is_ascending_triangle_breakout,UNFAVORABLE,NEUTRAL,58.0,STOP_HIT,14,-6.301649397363943,-6.601649397363943,-1.047606583781937,3,5360.65,6.301649397363943,2026-07-08,HARD_STOP,14,-6.301649397363943,-6.601649397363943,-1.047606583781937,,,True,0.0
MMTC.NS,2026-06-17,2026-07-23,ALERT_WATCHLIST,"ALERT_WATCHLIST,AVOID",is_ascending_triangle_breakout,UNFAVORABLE,NEUTRAL,71.2,STOP_HIT,25,-10.633021216154011,-10.933021216154012,-1.028213994301472,5,69.36,10.633021216154011,2026-06-25,TRAILING_MA,6,3.5034602076124557,3.203460207612456,0.30127469347523367,2026-06-18,74.95,False,14.136481423766469
YESBANK.NS,2026-06-17,2026-07-24,ALERT_WATCHLIST,"ALERT_WATCHLIST,AVOID",is_ascending_triangle_breakout,UNFAVORABLE,WEAK,46.4,TIME_EXIT,26,-2.2364217252396257,-2.5364217252396255,-0.405248340284741,6,23.475,6.258931803292398,2026-07-07,TRAILING_MA,13,5.410010649627262,5.110010649627262,0.816434946125988,2026-06-18,25.48,False,7.646432374866888
DIXON.NS,2026-06-17,2026-07-10,ALERT_WATCHLIST,"ALERT_WATCHLIST,AVOID",is_vcp_breakout,UNFAVORABLE,NEUTRAL,53.0,TARGET_HIT,16,15.438713998660416,15.138713998660416,2.383678798270017,4,11944.0,6.350987393791276,2026-08-11,TRAILING_MA,38,14.3963496316142,14.0963496316142,2.2195524502843114,2026-07-06,13304.0,False,-1.0423643670462166
INDIGO.NS,2026-06-24,2026-06-25,EXECUTE,EXECUTE,is_ascending_triangle_breakout,UNFAVORABLE,WEAK,56.2,TARGET_HIT,1,9.85814446437306,9.55814446437306,1.551126403346236,1,4599.75,6.162066768867663,2026-07-14,TRAILING_MA,13,14.767106907984129,14.467106907984128,2.347768605993634,2026-06-25,5450.0,False,4.908962443611069
OFSS.NS,2026-06-24,2026-07-13,ALERT_WATCHLIST,"ALERT_WATCHLIST,AVOID,MONITOR",is_ascending_triangle_breakout,UNFAVORABLE,NEUTRAL,58.6,TARGET_HIT,12,15.986105375664977,15.686105375664976,1.5847606399712768,3,10291.75,9.898091219598488,2026-07-22,TRAILING_MA,19,7.362693419486481,7.062693419486481,0.7135409507544402,2026-07-03,11248.0,False,-8.623411956178494
ADANIENT.NS,2026-07-02,2026-07-17,ALERT_WATCHLIST,"ALERT_WATCHLIST,AVOID,MONITOR",is_ascending_triangle_breakout,CAUTION,WEAK,53.0,TIME_EXIT,11,3.845711563418913,3.545711563418913,0.5999425243181574,3,3043.65,5.910085416013244,2026-07-17,TIME_STOP,11,3.8457115634189125,3.5457115634189127,0.5999425243181573,,,True,-4.440892098500626e-16
SONACOMS.NS,2026-07-02,2026-07-20,ALERT_WATCHLIST,"ALERT_WATCHLIST,AVOID,MONITOR",is_vcp_breakout,CAUTION,NEUTRAL,62.6,TARGET_HIT,12,12.124327744384702,11.824327744384702,2.626787329136947,3,632.2,4.501440833533214,2026-08-26,TRAILING_MA,39,16.925023726668766,16.625023726668765,3.693267187435109,2026-07-16,683.4,False,4.800695982284063
TITAN.NS,2026-07-09,2026-07-17,ALERT_WATCHLIST,"ALERT_WATCHLIST,AVOID",is_ascending_triangle_breakout,CAUTION,NEUTRAL,69.0,TIME_EXIT,6,6.248067165290297,5.948067165290297,1.5742880859347654,2,4365.35,3.7782583876689326,2026-07-17,TIME_STOP,6,6.248067165290297,5.948067165290297,1.5742880859347654,,,True,0.0
PAGEIND.NS,2026-07-09,2026-07-17,ALERT_WATCHLIST,"ALERT_WATCHLIST,AVOID",is_vcp_breakout,CAUTION,NEUTRAL,51.2,TIME_EXIT,6,-1.432806324110672,-1.7328063241106721,-0.44232342803507657,2,40480.0,3.917509709599328,2026-07-17,TIME_STOP,6,-1.4328063241106719,-1.732806324110672,-0.4423234280350765,,,True,2.220446049250313e-16
GRAVITA.NS,2026-07-09,2026-07-24,EXECUTE,"AVOID,EXECUTE,MONITOR",is_ascending_triangle_breakout,CAUTION,NEUTRAL,68.0,TIME_EXIT,11,0.5264945652173887,0.2264945652173887,0.02338576584680277,3,1766.4,9.68514637070799,2026-07-30,HARD_STOP,15,-9.68514637070799,-9.98514637070799,-1.0309752675403367,,,True,-10.211640935925379
IIFL.NS,2026-07-09,2026-07-24,ALERT_WATCHLIST,ALERT_WATCHLIST,is_ascending_triangle_breakout,CAUTION,NEUTRAL,69.0,TIME_EXIT,11,2.9647102354192643,2.6647102354192644,0.2436554649454143,3,540.525,10.936386081125802,2026-07-24,TIME_STOP,11,2.9647102354192643,2.6647102354192644,0.2436554649454143,,,True,0.0
OBEROIRLTY.NS,2026-07-09,2026-07-10,ALERT_WATCHLIST,ALERT_WATCHLIST,is_ascending_triangle_breakout,CAUTION,NEUTRAL,42.0,TARGET_HIT,1,9.164498409945072,8.864498409945071,0.9102750598526552,1,1729.5,9.73826352155573,2026-07-22,TRAILING_MA,9,9.173171436831453,8.873171436831452,0.9111656731398375,2026-07-10,1924.8,False,0.008673026886381052
DIVISLAB.NS,2026-07-16,2026-07-17,ALERT_WATCHLIST,ALERT_WATCHLIST,is_ascending_triangle_breakout,CAUTION,NEUTRAL,56.6,TARGET_HIT,1,5.849297573435504,5.549297573435505,1.0580684691651883,1,6851.25,5.244743355610888,2026-09-10,TIME_STOP,40,22.98850574712644,22.688505747126438,4.325951568793926,2026-07-27,7414.0,False,17.139208173690932
