episode_start_date,ticker,win,tier_reading_a_adopted,tier_reading_b_rejected,split,predicted_p
2024-07-25,SUNPHARMA.NS,1,EXECUTE,WATCHLIST,tuning,0.7634482292971484
2024-07-25,FORTIS.NS,1,EXECUTE,EXECUTE,tuning,0.8184980037348321
2024-07-25,GRANULES.NS,1,BELOW_WATCHLIST,BELOW_WATCHLIST,tuning,0.4591523427767394
2024-07-25,TMPV.NS,0,EXECUTE,WATCHLIST,tuning,0.6907407114109407
2024-07-25,PETRONET.NS,0,BELOW_WATCHLIST,BELOW_WATCHLIST,tuning,0.5761490519587537
2024-07-25,COHANCE.NS,1,BELOW_WATCHLIST,BELOW_WATCHLIST,tuning,0.6226227235288595
2024-07-25,CROMPTON.NS,1,BELOW_WATCHLIST,BELOW_WATCHLIST,tuning,0.5897949360853167
2024-07-25,IOC.NS,0,BELOW_WATCHLIST,BELOW_WATCHLIST,tuning,0.4795940012074096
2024-08-01,JUBLPHARMA.NS,1,EXECUTE,EXECUTE,tuning,0.9999616622257809
2024-08-01,TORNTPOWER.NS,1,EXECUTE,EXECUTE,tuning,0.9927834581872519
2024-08-01,SUZLON.NS,1,EXECUTE,EXECUTE,tuning,0.9358387528975285
2024-08-01,HSCL.NS,1,BELOW_WATCHLIST,BELOW_WATCHLIST,tuning,0.5807188710507376
2024-08-01,MINDACORP.NS,1,BELOW_WATCHLIST,BELOW_WATCHLIST,tuning,0.5752035004129004
2024-08-08,TRITURBINE.NS,1,EXECUTE,EXECUTE,tuning,0.9907409995952952
2024-08-08,CIPLA.NS,1,EXECUTE,EXECUTE,tuning,0.8018256778960413
2024-08-08,ALKEM.NS,1,EXECUTE,EXECUTE,tuning,0.9137473017973146
2024-08-08,LALPATHLAB.NS,1,EXECUTE,EXECUTE,tuning,0.93315226046015
2024-08-16,POLICYBZR.NS,1,EXECUTE,EXECUTE,tuning,0.8516455009421514
2024-08-16,KAYNES.NS,1,EXECUTE,EXECUTE,tuning,0.822599554854631
2024-08-16,CDSL.NS,1,EXECUTE,EXECUTE,tuning,0.8911768676419634
2024-08-16,GLENMARK.NS,1,EXECUTE,EXECUTE,tuning,0.9541422576023078
2024-08-23,GILLETTE.NS,1,EXECUTE,EXECUTE,tuning,0.8193307116336978
2024-08-30,BHARTIARTL.NS,1,EXECUTE,EXECUTE,tuning,0.8231286436158066
2024-08-30,INDHOTEL.NS,1,EXECUTE,WATCHLIST,tuning,0.672928740435582
2024-08-30,SHRIRAMFIN.NS,0,BELOW_WATCHLIST,BELOW_WATCHLIST,tuning,0.11784728322797565
2024-09-06,PPLPHARMA.NS,1,EXECUTE,EXECUTE,tuning,0.9299319512356015
2024-09-06,DMART.NS,1,EXECUTE,WATCHLIST,tuning,0.6577185699596144
2024-09-06,GODREJIND.NS,1,EXECUTE,EXECUTE,tuning,0.9963270825622769
2024-09-13,NAVA.NS,1,EXECUTE,EXECUTE,tuning,0.8187766442605617
2024-09-13,NEWGEN.NS,1,EXECUTE,EXECUTE,tuning,0.8151877691847296
2024-09-13,JBMA.NS,0,BELOW_WATCHLIST,BELOW_WATCHLIST,tuning,0.21263871630565456
2024-09-13,ABREL.NS,1,EXECUTE,EXECUTE,tuning,0.9086006479433113
2024-09-13,CARTRADE.NS,1,EXECUTE,EXECUTE,tuning,0.8461872812637705
2024-09-13,OFSS.NS,0,BELOW_WATCHLIST,BELOW_WATCHLIST,tuning,0.2711540775243721
2024-09-20,WABAG.NS,1,EXECUTE,EXECUTE,tuning,0.9658660814349168
2024-09-20,UBL.NS,0,BELOW_WATCHLIST,BELOW_WATCHLIST,tuning,0.6052319666936108
2024-09-20,JUBLFOOD.NS,0,BELOW_WATCHLIST,BELOW_WATCHLIST,tuning,0.4721798128124577
2024-09-20,BIKAJI.NS,0,EXECUTE,WATCHLIST,tuning,0.712417179260371
2024-09-20,DEVYANI.NS,1,EXECUTE,EXECUTE,tuning,0.9476883844311278
2024-09-20,MCDOWELL-N.NS,1,EXECUTE,WATCHLIST,tuning,0.7355509425234741
2024-09-20,UNITDSPR.NS,1,EXECUTE,WATCHLIST,tuning,0.7355509425234741
2024-09-20,ULTRACEMCO.NS,0,BELOW_WATCHLIST,BELOW_WATCHLIST,tuning,0.39421916255149775
2024-09-20,PIIND.NS,0,BELOW_WATCHLIST,BELOW_WATCHLIST,tuning,0.14853090218513731
2024-09-20,MOTHERSON.NS,0,BELOW_WATCHLIST,BELOW_WATCHLIST,tuning,0.5863621574438084
2024-09-20,ASAHIINDIA.NS,1,EXECUTE,EXECUTE,tuning,0.9975727338537428
2024-09-20,APTUS.NS,1,EXECUTE,EXECUTE,tuning,0.8741688636490876
2024-09-20,NAVA.NS,1,EXECUTE,EXECUTE,tuning,0.9943128272413294
2024-09-20,SANSERA.NS,1,EXECUTE,EXECUTE,tuning,0.9619477415359977
2024-09-20,HINDUNILVR.NS,0,BELOW_WATCHLIST,BELOW_WATCHLIST,tuning,0.48160468556855246
2024-09-20,INDUSINDBK.NS,0,BELOW_WATCHLIST,BELOW_WATCHLIST,tuning,0.6009985243120939
2024-09-20,NAUKRI.NS,1,EXECUTE,WATCHLIST,tuning,0.7730945217030039
2024-09-27,SUNPHARMA.NS,0,BELOW_WATCHLIST,BELOW_WATCHLIST,tuning,0.08459459991163384
2024-09-27,UNITDSPR.NS,1,EXECUTE,EXECUTE,tuning,0.8335932583355267
2024-09-27,HINDCOPPER.NS,0,BELOW_WATCHLIST,BELOW_WATCHLIST,tuning,0.6363939315501771
2024-09-27,MCDOWELL-N.NS,1,EXECUTE,EXECUTE,tuning,0.8335932583355267
2024-09-27,VIYASH.NS,1,EXECUTE,EXECUTE,tuning,0.9085747159627674
2024-09-27,SOLARINDS.NS,0,BELOW_WATCHLIST,BELOW_WATCHLIST,tuning,0.610992780395707
2024-09-27,BALRAMCHIN.NS,0,EXECUTE,WATCHLIST,tuning,0.7341804042663794
2024-09-27,SIEMENS.NS,1,BELOW_WATCHLIST,BELOW_WATCHLIST,tuning,0.3230366644409874
2024-10-07,LALPATHLAB.NS,1,BELOW_WATCHLIST,BELOW_WATCHLIST,tuning,0.5760619895812539
2024-10-14,IPCALAB.NS,1,EXECUTE,EXECUTE,tuning,0.8220599911552404
2024-10-14,OBEROIRLTY.NS,1,BELOW_WATCHLIST,BELOW_WATCHLIST,tuning,0.5893432405487953
2024-10-28,FSL.NS,1,EXECUTE,EXECUTE,tuning,0.9556375267635469
2024-11-04,CARTRADE.NS,1,EXECUTE,WATCHLIST,tuning,0.7075529096505151
2024-11-11,ECLERX.NS,1,EXECUTE,EXECUTE,tuning,0.9698448003931135
2024-11-27,ABSLAMC.NS,0,BELOW_WATCHLIST,BELOW_WATCHLIST,tuning,0.532973082372672
2024-11-27,ZENSARTECH.NS,1,BELOW_WATCHLIST,BELOW_WATCHLIST,tuning,0.5565273887834333
2024-11-27,SYNGENE.NS,0,BELOW_WATCHLIST,BELOW_WATCHLIST,tuning,0.3678726496931144
2024-12-04,KEC.NS,1,EXECUTE,EXECUTE,tuning,0.9719117600354942
2024-12-04,MAHABANK.NS,0,EXECUTE,EXECUTE,tuning,0.8076153209766038
2024-12-04,MEDANTA.NS,0,BELOW_WATCHLIST,BELOW_WATCHLIST,tuning,0.2895389396119443
2024-12-04,KARURVYSYA.NS,0,EXECUTE,WATCHLIST,tuning,0.7258796925240176
2024-12-04,LODHA.NS,1,BELOW_WATCHLIST,BELOW_WATCHLIST,tuning,0.4458469952224001
2024-12-11,ANURAS.NS,0,BELOW_WATCHLIST,BELOW_WATCHLIST,tuning,0.5162165855745798
2024-12-11,BAJAJHLDNG.NS,1,BELOW_WATCHLIST,BELOW_WATCHLIST,tuning,0.6296659930553954
2024-12-18,EIDPARRY.NS,1,EXECUTE,EXECUTE,tuning,0.9959580933550066
2024-12-26,KFINTECH.NS,1,EXECUTE,EXECUTE,tuning,0.8682987931151761
2024-12-26,INDIACEM.NS,0,BELOW_WATCHLIST,BELOW_WATCHLIST,tuning,0.22045864974626445
2024-12-26,CEMPRO.NS,0,BELOW_WATCHLIST,BELOW_WATCHLIST,tuning,0.015278668414270677
2025-02-27,CHAMBLFERT.NS,1,BELOW_WATCHLIST,BELOW_WATCHLIST,tuning,0.5467635542345334
2025-02-27,BERGEPAINT.NS,1,BELOW_WATCHLIST,BELOW_WATCHLIST,tuning,0.40463261889859153
2025-02-27,NH.NS,1,EXECUTE,WATCHLIST,tuning,0.7801741602847253
2025-02-27,BAJAJFINSV.NS,0,BELOW_WATCHLIST,BELOW_WATCHLIST,tuning,0.34285307557730926
2025-03-21,BAJFINANCE.NS,1,EXECUTE,WATCHLIST,tuning,0.6593445442267356
2025-03-21,BEL.NS,0,EXECUTE,EXECUTE,tuning,0.8625464145644722
2025-03-21,NLCINDIA.NS,1,EXECUTE,EXECUTE,tuning,0.8286346472204954
2025-03-21,ICICIBANK.NS,1,EXECUTE,EXECUTE,tuning,0.8867306133289098
2025-03-21,KOTAKBANK.NS,1,EXECUTE,EXECUTE,tuning,0.8480659831768409
2025-03-28,FORTIS.NS,1,EXECUTE,EXECUTE,tuning,0.7960720536518777
2025-04-07,NAVA.NS,1,EXECUTE,EXECUTE,tuning,0.8506520749448334
2025-04-07,GMRAIRPORT.NS,1,EXECUTE,WATCHLIST,tuning,0.6595450356408432
2025-04-16,PATANJALI.NS,0,EXECUTE,EXECUTE,tuning,0.9745957291040732
2025-04-16,BANDHANBNK.NS,1,BELOW_WATCHLIST,BELOW_WATCHLIST,tuning,0.5144932712657537
2025-04-16,AXISBANK.NS,1,BELOW_WATCHLIST,BELOW_WATCHLIST,tuning,0.3041997374640634
2025-04-16,EICHERMOT.NS,0,BELOW_WATCHLIST,BELOW_WATCHLIST,tuning,0.32136120171141
2025-04-24,DMART.NS,1,EXECUTE,EXECUTE,tuning,0.8617811046682607
2025-04-24,AUBANK.NS,1,EXECUTE,EXECUTE,tuning,0.9653426414825089
2025-04-24,JKCEMENT.NS,1,EXECUTE,WATCHLIST,tuning,0.7151972433537221
2025-04-24,NUVOCO.NS,1,EXECUTE,WATCHLIST,tuning,0.7792519059258068
2025-05-02,BANDHANBNK.NS,1,EXECUTE,EXECUTE,tuning,0.8945969933666901
2025-05-09,KPRMILL.NS,1,EXECUTE,EXECUTE,tuning,0.990236377491766
2025-05-16,LICI.NS,1,EXECUTE,WATCHLIST,tuning,0.6526920989878143
2025-05-16,ESCORTS.NS,0,EXECUTE,WATCHLIST,tuning,0.6812673354482577
2025-05-16,ANGELONE.NS,1,EXECUTE,EXECUTE,tuning,0.8175371721124784
2025-05-16,TATAPOWER.NS,0,BELOW_WATCHLIST,BELOW_WATCHLIST,tuning,0.5243900467914264
2025-05-16,BEL.NS,1,EXECUTE,EXECUTE,tuning,0.8486338671278151
2025-05-16,NHPC.NS,0,BELOW_WATCHLIST,BELOW_WATCHLIST,tuning,0.510611163624623
2025-05-16,ABSLAMC.NS,1,BELOW_WATCHLIST,BELOW_WATCHLIST,tuning,0.6413128614988973
2025-05-16,ABFRL.NS,0,BELOW_WATCHLIST,BELOW_WATCHLIST,tuning,0.5496089301779564
2025-05-16,MAPMYINDIA.NS,1,EXECUTE,EXECUTE,tuning,0.980740359597575
2025-05-16,PAGEIND.NS,1,BELOW_WATCHLIST,BELOW_WATCHLIST,tuning,0.44029248746060706
2025-05-16,SJVN.NS,0,EXECUTE,WATCHLIST,tuning,0.7243566823184457
2025-05-23,SHILPAMED.NS,1,EXECUTE,EXECUTE,tuning,0.7998824145826909
2025-05-23,ICICIPRULI.NS,1,EXECUTE,WATCHLIST,tuning,0.6726174117412674
2025-05-23,HDFCLIFE.NS,0,BELOW_WATCHLIST,BELOW_WATCHLIST,tuning,0.3094230380573524
2025-05-23,SUPREMEIND.NS,1,BELOW_WATCHLIST,BELOW_WATCHLIST,tuning,0.5741927786589432
2025-05-23,ASTRAL.NS,1,EXECUTE,WATCHLIST,tuning,0.7068317010990088
2025-05-23,TBOTEK.NS,1,EXECUTE,EXECUTE,tuning,0.9551180067637137
2025-05-23,ANGELONE.NS,1,EXECUTE,EXECUTE,tuning,0.9551207928945995
2025-05-30,TEGA.NS,1,BELOW_WATCHLIST,BELOW_WATCHLIST,tuning,0.4039292130479722
2025-05-30,ASTRAL.NS,1,EXECUTE,EXECUTE,tuning,0.8676138806507613
2025-05-30,OIL.NS,1,EXECUTE,WATCHLIST,tuning,0.6850733628303276
2025-06-06,SIGNATURE.NS,0,BELOW_WATCHLIST,BELOW_WATCHLIST,tuning,0.42313724120335966
2025-06-06,MAHABANK.NS,1,EXECUTE,WATCHLIST,tuning,0.7493916591648753
2025-06-06,ICICIGI.NS,0,BELOW_WATCHLIST,BELOW_WATCHLIST,tuning,0.6525960628468144
2025-06-06,GMDCLTD.NS,1,EXECUTE,EXECUTE,tuning,0.8577817827892587
2025-06-06,SBICARD.NS,0,EXECUTE,WATCHLIST,tuning,0.658532840378954
2025-06-06,HDFCAMC.NS,1,BELOW_WATCHLIST,BELOW_WATCHLIST,tuning,0.3159626466546759
2025-06-06,OBEROIRLTY.NS,1,EXECUTE,WATCHLIST,tuning,0.7621526528635301
2025-06-13,KARURVYSYA.NS,1,BELOW_WATCHLIST,BELOW_WATCHLIST,tuning,0.5200253588892078
2025-06-20,ENDURANCE.NS,1,EXECUTE,EXECUTE,tuning,0.831571161555461
2025-06-20,MFSL.NS,0,BELOW_WATCHLIST,BELOW_WATCHLIST,tuning,0.006830684125598751
2025-06-20,DCMSHRIRAM.NS,1,EXECUTE,WATCHLIST,tuning,0.6907910034372465
2025-06-27,AAVAS.NS,1,EXECUTE,WATCHLIST,tuning,0.680292087504091
2025-06-27,OBEROIRLTY.NS,0,BELOW_WATCHLIST,BELOW_WATCHLIST,tuning,0.6386306288019264
2025-06-27,REDINGTON.NS,0,EXECUTE,WATCHLIST,tuning,0.780762915049681
2025-06-27,JIOFIN.NS,1,EXECUTE,WATCHLIST,tuning,0.7191646721848794
2025-06-27,SOLARINDS.NS,0,BELOW_WATCHLIST,BELOW_WATCHLIST,tuning,0.10808653143578931
2025-06-27,ABBOTINDIA.NS,1,EXECUTE,EXECUTE,tuning,0.8660107535908025
2025-06-27,HINDCOPPER.NS,0,BELOW_WATCHLIST,BELOW_WATCHLIST,tuning,0.588173903620335
2025-06-27,LAURUSLABS.NS,1,BELOW_WATCHLIST,BELOW_WATCHLIST,tuning,0.2555354388776868
2025-06-27,BHARTIHEXA.NS,0,BELOW_WATCHLIST,BELOW_WATCHLIST,tuning,0.5558829485236921
2025-06-27,DCMSHRIRAM.NS,1,EXECUTE,WATCHLIST,tuning,0.6813472992544367
2025-06-27,MAXHEALTH.NS,0,EXECUTE,WATCHLIST,tuning,0.7136518402508207
2025-07-04,ASTERDM.NS,0,BELOW_WATCHLIST,BELOW_WATCHLIST,tuning,0.489533878064486
2025-07-04,CHENNPETRO.NS,0,EXECUTE,WATCHLIST,tuning,0.6712653191443549
2025-07-04,LLOYDSENGG.NS,1,EXECUTE,EXECUTE,tuning,0.9782426091416637
2025-07-04,RAINBOW.NS,1,EXECUTE,WATCHLIST,tuning,0.7062499731026831
2025-07-04,DCMSHRIRAM.NS,1,EXECUTE,EXECUTE,tuning,0.978397752406098
2025-07-11,CARTRADE.NS,1,EXECUTE,EXECUTE,tuning,0.8452706018470824
2025-07-11,GLENMARK.NS,1,EXECUTE,EXECUTE,tuning,0.9997154537087023
2025-07-25,SHYAMMETL.NS,1,EXECUTE,EXECUTE,tuning,0.7951280778045318
2025-07-25,IPCALAB.NS,0,BELOW_WATCHLIST,BELOW_WATCHLIST,tuning,0.5220334022430625
2025-08-01,SCHNEIDER.NS,1,EXECUTE,EXECUTE,tuning,0.8562634161364132
2025-08-01,NETWEB.NS,1,EXECUTE,EXECUTE,tuning,0.8039855863223913
2025-08-01,POWERINDIA.NS,0,BELOW_WATCHLIST,BELOW_WATCHLIST,tuning,0.4489579738484764
2025-08-08,MEDANTA.NS,1,EXECUTE,EXECUTE,tuning,0.9405622945602744
2025-08-18,M&M.NS,1,BELOW_WATCHLIST,BELOW_WATCHLIST,tuning,0.31279282658836793
2025-08-18,ASIANPAINT.NS,0,BELOW_WATCHLIST,BELOW_WATCHLIST,tuning,0.053709410362534474
2025-08-18,HEROMOTOCO.NS,1,BELOW_WATCHLIST,BELOW_WATCHLIST,tuning,0.5963499413867438
2025-08-18,DALBHARAT.NS,1,BELOW_WATCHLIST,BELOW_WATCHLIST,tuning,0.1797237854554508
2025-08-18,ULTRACEMCO.NS,0,BELOW_WATCHLIST,BELOW_WATCHLIST,tuning,0.24813166287229985
2025-08-25,UPL.NS,0,BELOW_WATCHLIST,BELOW_WATCHLIST,tuning,0.4034188728839928
2025-08-25,JSL.NS,1,EXECUTE,EXECUTE,tuning,0.8472538862599862
2025-09-02,ASTERDM.NS,1,BELOW_WATCHLIST,BELOW_WATCHLIST,tuning,0.360765824197703
2025-09-09,AZAD.NS,1,BELOW_WATCHLIST,BELOW_WATCHLIST,tuning,0.34206460667657557
2025-09-16,AADHARHFC.NS,0,EXECUTE,EXECUTE,tuning,0.8512195318030333
2025-09-16,DALBHARAT.NS,0,BELOW_WATCHLIST,BELOW_WATCHLIST,tuning,0.17897474633423469
2025-09-16,AMBER.NS,0,EXECUTE,EXECUTE,tuning,0.7952649685767429
2025-09-23,MINDACORP.NS,1,BELOW_WATCHLIST,BELOW_WATCHLIST,validation,0.5834779439059906
2025-09-23,ADANIGREEN.NS,1,EXECUTE,EXECUTE,validation,0.8524617486158491
2025-09-23,KEC.NS,0,EXECUTE,EXECUTE,validation,0.9946021539984298
2025-09-30,BANKINDIA.NS,1,BELOW_WATCHLIST,BELOW_WATCHLIST,validation,0.5709301763095612
2025-10-08,SBICARD.NS,0,BELOW_WATCHLIST,BELOW_WATCHLIST,validation,0.18446396730646106
2025-10-08,ITI.NS,0,EXECUTE,EXECUTE,validation,0.9999997021247645
2025-10-15,MAHABANK.NS,0,EXECUTE,EXECUTE,validation,0.8002434714018691
2025-10-15,PHOENIXLTD.NS,1,BELOW_WATCHLIST,BELOW_WATCHLIST,validation,0.5631994988741144
2025-10-15,ICICIGI.NS,1,EXECUTE,EXECUTE,validation,0.8810727036014002
2025-10-23,CUB.NS,1,BELOW_WATCHLIST,BELOW_WATCHLIST,validation,0.40443140446795806
2025-10-23,BANKINDIA.NS,1,BELOW_WATCHLIST,BELOW_WATCHLIST,validation,0.3273882443458335
2025-10-23,PNB.NS,1,BELOW_WATCHLIST,BELOW_WATCHLIST,validation,0.47706137969036105
2025-10-23,CENTRALBK.NS,1,BELOW_WATCHLIST,BELOW_WATCHLIST,validation,0.4975034495039566
2025-10-23,IDFCFIRSTB.NS,1,EXECUTE,EXECUTE,validation,0.8129067184846619
2025-10-23,SHRIRAMFIN.NS,1,BELOW_WATCHLIST,BELOW_WATCHLIST,validation,0.445354175335504
2025-10-23,MUTHOOTFIN.NS,1,BELOW_WATCHLIST,BELOW_WATCHLIST,validation,0.5820670990115834
2025-10-23,SBIN.NS,1,BELOW_WATCHLIST,BELOW_WATCHLIST,validation,0.4250897375499367
2025-10-23,CEATLTD.NS,1,EXECUTE,EXECUTE,validation,0.9908800627021969
2025-10-23,AXISBANK.NS,1,BELOW_WATCHLIST,BELOW_WATCHLIST,validation,0.37711135514281857
2025-10-23,JKTYRE.NS,1,EXECUTE,EXECUTE,validation,0.8575912978345069
2025-10-23,UCOBANK.NS,0,BELOW_WATCHLIST,BELOW_WATCHLIST,validation,0.3155037212856443
2025-10-30,MRPL.NS,1,EXECUTE,WATCHLIST,validation,0.6878242225185389
2025-10-30,ABCAPITAL.NS,1,EXECUTE,WATCHLIST,validation,0.729313913432283
2025-10-30,IOC.NS,1,EXECUTE,WATCHLIST,validation,0.6653331017941483
2025-10-30,BPCL.NS,1,BELOW_WATCHLIST,BELOW_WATCHLIST,validation,0.28258617600665537
2025-11-07,SBIN.NS,1,BELOW_WATCHLIST,BELOW_WATCHLIST,validation,0.5510638201482457
2025-11-07,LTF.NS,1,EXECUTE,WATCHLIST,validation,0.7277236596977463
2025-11-07,ABCAPITAL.NS,1,EXECUTE,WATCHLIST,validation,0.7883572268667112
2025-11-14,ASIANPAINT.NS,1,EXECUTE,EXECUTE,validation,0.9337519085245901
2025-11-14,GICRE.NS,0,BELOW_WATCHLIST,BELOW_WATCHLIST,validation,0.48077765632367586
2025-11-14,VIYASH.NS,1,EXECUTE,EXECUTE,validation,0.9051091032604451
2025-11-21,TCS.NS,1,BELOW_WATCHLIST,BELOW_WATCHLIST,validation,0.26712720097953
2025-11-21,SANSERA.NS,1,BELOW_WATCHLIST,BELOW_WATCHLIST,validation,0.37903713020607605
2025-11-28,ABCAPITAL.NS,0,BELOW_WATCHLIST,BELOW_WATCHLIST,validation,0.2655109016718569
2025-12-05,TCS.NS,1,BELOW_WATCHLIST,BELOW_WATCHLIST,validation,0.4239380386863573
2025-12-05,BSOFT.NS,1,BELOW_WATCHLIST,BELOW_WATCHLIST,validation,0.38700739489868147
2025-12-12,GMRAIRPORT.NS,1,BELOW_WATCHLIST,BELOW_WATCHLIST,validation,0.12127280958729321
2025-12-19,SHRIRAMFIN.NS,1,BELOW_WATCHLIST,BELOW_WATCHLIST,validation,0.5362668321732944
2025-12-29,SUNTV.NS,0,BELOW_WATCHLIST,BELOW_WATCHLIST,validation,0.4433820672144791
2025-12-29,SUNDARMFIN.NS,1,EXECUTE,WATCHLIST,validation,0.6675360629437757
2026-01-05,HINDPETRO.NS,0,BELOW_WATCHLIST,BELOW_WATCHLIST,validation,0.41775175747940774
2026-01-05,MSUMI.NS,1,EXECUTE,WATCHLIST,validation,0.6554132444719603
2026-01-05,SAILIFE.NS,0,BELOW_WATCHLIST,BELOW_WATCHLIST,validation,0.2505394068684661
2026-01-05,MARICO.NS,0,BELOW_WATCHLIST,BELOW_WATCHLIST,validation,0.23323376276755817
2026-01-20,DALBHARAT.NS,0,BELOW_WATCHLIST,BELOW_WATCHLIST,validation,0.4610494598393107
2026-01-28,JINDALSTEL.NS,1,EXECUTE,WATCHLIST,validation,0.6995482349078842
2026-01-28,HAL.NS,0,BELOW_WATCHLIST,BELOW_WATCHLIST,validation,0.2002667875983511
2026-01-28,ONGC.NS,1,EXECUTE,WATCHLIST,validation,0.7046251177569345
2026-01-28,VEDL.NS,0,EXECUTE,EXECUTE,validation,0.9853694858526473
2026-01-28,AXISBANK.NS,1,BELOW_WATCHLIST,BELOW_WATCHLIST,validation,0.48204115406831505
2026-01-28,OIL.NS,1,BELOW_WATCHLIST,BELOW_WATCHLIST,validation,0.5371680930110637
2026-02-03,BHARATFORG.NS,1,EXECUTE,EXECUTE,validation,0.896396713679024
2026-02-03,JKTYRE.NS,0,BELOW_WATCHLIST,BELOW_WATCHLIST,validation,0.4134331576572474
2026-02-10,TATASTEEL.NS,0,BELOW_WATCHLIST,BELOW_WATCHLIST,validation,0.16564473177627478
2026-02-24,NTPC.NS,0,BELOW_WATCHLIST,BELOW_WATCHLIST,validation,0.3732574587856765
2026-02-24,BANKINDIA.NS,0,BELOW_WATCHLIST,BELOW_WATCHLIST,validation,0.44472156615995073
2026-02-24,CENTRALBK.NS,0,BELOW_WATCHLIST,BELOW_WATCHLIST,validation,0.35324261269133667
2026-03-04,JINDALSTEL.NS,1,EXECUTE,EXECUTE,validation,0.8514539793129191
2026-03-04,LUPIN.NS,0,BELOW_WATCHLIST,BELOW_WATCHLIST,validation,0.32540986257685917
2026-03-04,INDIANB.NS,0,EXECUTE,EXECUTE,validation,0.8699501390120262
2026-04-13,ADANIPOWER.NS,1,EXECUTE,WATCHLIST,validation,0.7683851290491592
2026-04-13,SARDAEN.NS,0,EXECUTE,EXECUTE,validation,0.8557067116723888
2026-04-21,RADICO.NS,1,EXECUTE,EXECUTE,validation,0.9206386738040587
2026-04-28,GRASIM.NS,1,BELOW_WATCHLIST,BELOW_WATCHLIST,validation,0.2630194795219573
2026-05-06,CGCL.NS,1,BELOW_WATCHLIST,BELOW_WATCHLIST,validation,0.45183950703960646
2026-05-06,SHILPAMED.NS,1,BELOW_WATCHLIST,BELOW_WATCHLIST,validation,0.02600902303656425
2026-05-06,LUPIN.NS,0,BELOW_WATCHLIST,BELOW_WATCHLIST,validation,0.3995338153869363
2026-05-13,BERGEPAINT.NS,1,EXECUTE,EXECUTE,validation,0.9971463236145629
2026-05-13,BIOCON.NS,1,EXECUTE,EXECUTE,validation,0.9721664236970396
2026-05-13,ANURAS.NS,0,EXECUTE,WATCHLIST,validation,0.6911918864565529
2026-05-20,POLICYBZR.NS,0,BELOW_WATCHLIST,BELOW_WATCHLIST,validation,0.40052528556728856
2026-05-20,ZYDUSLIFE.NS,1,EXECUTE,EXECUTE,validation,0.967436783139792
2026-05-20,MANKIND.NS,1,EXECUTE,EXECUTE,validation,0.8481001433038222
2026-05-20,VIYASH.NS,1,EXECUTE,EXECUTE,validation,0.9969813602065521
2026-05-20,GLAND.NS,1,EXECUTE,EXECUTE,validation,0.9903271572002276
2026-05-27,JSWENERGY.NS,0,BELOW_WATCHLIST,BELOW_WATCHLIST,validation,0.03610897941416767
2026-05-27,IFCI.NS,1,BELOW_WATCHLIST,BELOW_WATCHLIST,validation,0.3062570929243059
2026-05-27,ATGL.NS,1,EXECUTE,WATCHLIST,validation,0.7635702549844704
2026-05-27,USHAMART.NS,1,BELOW_WATCHLIST,BELOW_WATCHLIST,validation,0.35044009548229066
2026-05-27,VIYASH.NS,1,EXECUTE,EXECUTE,validation,0.9708727321367087
2026-06-04,CGPOWER.NS,1,BELOW_WATCHLIST,BELOW_WATCHLIST,validation,0.4279441695626638
2026-06-18,TITAGARH.NS,0,BELOW_WATCHLIST,BELOW_WATCHLIST,validation,0.5735235978054436
2026-06-18,RADICO.NS,1,BELOW_WATCHLIST,BELOW_WATCHLIST,validation,0.16719828948415882
2026-06-25,INDIGO.NS,1,EXECUTE,EXECUTE,validation,0.8127705873792676
2026-06-25,EMCURE.NS,1,EXECUTE,EXECUTE,validation,0.7981082877165674
2026-06-25,OFSS.NS,1,BELOW_WATCHLIST,BELOW_WATCHLIST,validation,0.6174227740193835
2026-06-25,PAGEIND.NS,0,BELOW_WATCHLIST,BELOW_WATCHLIST,validation,0.1434675745376855
2026-06-25,SONACOMS.NS,1,BELOW_WATCHLIST,BELOW_WATCHLIST,validation,0.14967887738284083
2026-06-25,BLUEJET.NS,1,BELOW_WATCHLIST,BELOW_WATCHLIST,validation,0.48649874696312084
2026-07-10,SOBHA.NS,0,BELOW_WATCHLIST,BELOW_WATCHLIST,validation,0.5884945743741501
2026-07-10,GRAVITA.NS,1,EXECUTE,WATCHLIST,validation,0.7796582249756445
2026-07-10,ANANTRAJ.NS,1,EXECUTE,WATCHLIST,validation,0.6603866612280671
2026-07-10,UTIAMC.NS,1,EXECUTE,WATCHLIST,validation,0.6787764308822134
2026-07-10,BLUEJET.NS,1,EXECUTE,EXECUTE,validation,0.9741245731502702
2026-07-17,SBICARD.NS,0,EXECUTE,WATCHLIST,validation,0.6815159950895172
2026-07-17,BALRAMCHIN.NS,1,EXECUTE,WATCHLIST,validation,0.7648527578433153
